date,signal
2010-01-06,-2.12
2010-01-07,-1.22
2010-01-08,1.82
2010-01-11,0.12
2010-01-12,-2.36
2010-01-13,0.66
2010-01-14,0.72
2010-01-15,-1.53
2010-01-19,1.75
2010-01-20,-0.93
2010-01-21,-1.43
2010-01-22,-3.1
2010-01-25,-1.55
2010-01-26,-0.92
2010-01-27,0.16
2010-01-28,-1.6
2010-01-29,-1.85
2010-02-01,-0.14
2010-02-02,0.85
2010-02-03,1.2
2010-02-04,-1.78
2010-02-05,-0.27
2010-02-08,-1.01
2010-02-09,0.34
2010-02-10,0.03
2010-02-11,1.62
2010-02-12,1.4
2010-02-16,2.21
2010-02-17,2.13
2010-02-18,2.2
2010-02-19,1.67
2010-02-22,1.2
2010-02-23,-0.12
2010-02-24,0.75
2010-02-25,0.55
2010-02-26,0.78
2010-03-01,1.83
2010-03-02,1.72
2010-03-03,1.52
2010-03-04,1.59
2010-03-05,2.46
2010-03-08,2.2
2010-03-09,2.02
2010-03-10,2.02
2010-03-11,1.94
2010-03-12,1.64
2010-03-15,1.22
2010-03-16,1.46
2010-03-17,1.4
2010-03-18,1.38
2010-03-19,0.67
2010-03-22,1.23
2010-03-23,1.59
2010-03-24,1.0
2010-03-25,0.72
2010-03-26,0.67
2010-03-29,0.98
2010-03-30,1.15
2010-03-31,0.61
2010-04-01,0.5
2010-04-05,1.22
2010-04-06,1.31
2010-04-07,0.89
2010-04-08,0.94
2010-04-09,1.33
2010-04-12,1.27
2010-04-13,1.53
2010-04-14,2.23
2010-04-15,2.18
2010-04-16,0.72
2010-04-19,0.51
2010-04-20,0.85
2010-04-21,1.17
2010-04-22,1.3
2010-04-23,1.43
2010-04-26,1.03
2010-04-27,-0.86
2010-04-28,-0.57
2010-04-29,0.95
2010-04-30,-0.79
2010-05-03,0.51
2010-05-04,-1.73
2010-05-05,-1.58
2010-05-06,-1.8
2010-05-07,-1.48
2010-05-10,2.12
2010-05-11,1.51
2010-05-12,2.52
2010-05-13,0.87
2010-05-14,-0.57
2010-05-17,-0.2
2010-05-18,-0.92
2010-05-19,-1.02
2010-05-20,-2.34
2010-05-21,-0.73
2010-05-24,-0.77
2010-05-25,-0.42
2010-05-26,-0.9
2010-05-27,1.59
2010-05-28,0.75
2010-06-01,-0.02
2010-06-02,1.46
2010-06-03,1.67
2010-06-04,-0.9
2010-06-07,-1.88
2010-06-08,-1.33
2010-06-09,-1.49
2010-06-10,0.64
2010-06-11,1.14
2010-06-14,0.93
2010-06-15,2.41
2010-06-16,2.17
2010-06-17,1.92
2010-06-18,1.61
2010-06-21,0.73
2010-06-22,0.09
2010-06-23,-0.18
2010-06-24,-1.03
2010-06-25,-0.8
2010-06-28,-0.89
2010-06-29,-2.64
2010-06-30,-2.78
2010-07-01,-1.78
2010-07-02,-1.57
2010-07-06,-1.04
2010-07-07,0.98
2010-07-08,1.08
2010-07-09,1.53
2010-07-12,1.46
2010-07-13,1.79
2010-07-14,1.65
2010-07-15,1.29
2010-07-16,-0.52
2010-07-19,0.07
2010-07-20,0.72
2010-07-21,-0.21
2010-07-22,1.25
2010-07-23,1.35
2010-07-26,1.61
2010-07-27,1.31
2010-07-28,0.66
2010-07-29,0.1
2010-07-30,0.2
2010-08-02,1.29
2010-08-03,0.84
2010-08-04,1.41
2010-08-05,1.13
2010-08-06,0.85
2010-08-09,1.26
2010-08-10,0.5
2010-08-11,-1.19
2010-08-12,-1.48
2010-08-13,-1.75
2010-08-16,-1.39
2010-08-17,-0.41
2010-08-18,-0.11
2010-08-19,-0.96
2010-08-20,-0.72
2010-08-23,-1.17
2010-08-24,-1.98
2010-08-25,-0.99
2010-08-26,-1.37
2010-08-27,-0.36
2010-08-30,-0.95
2010-08-31,-0.96
2010-09-01,0.85
2010-09-02,1.42
2010-09-03,2.08
2010-09-07,1.4
2010-09-08,1.8
2010-09-09,1.71
2010-09-10,1.59
2010-09-13,2.06
2010-09-14,1.77
2010-09-15,1.8
2010-09-16,1.68
2010-09-17,1.55
2010-09-20,2.13
2010-09-21,1.7
2010-09-22,1.22
2010-09-23,0.96
2010-09-24,1.87
2010-09-27,1.36
2010-09-28,1.02
2010-09-29,0.75
2010-09-30,0.33
2010-10-01,0.2
2010-10-04,-0.45
2010-10-05,0.91
2010-10-06,0.27
2010-10-07,0.43
2010-10-08,0.72
2010-10-11,0.67
2010-10-12,0.89
2010-10-13,1.21
2010-10-14,0.91
2010-10-15,1.75
2010-10-18,1.26
2010-10-19,0.48
2010-10-20,0.79
2010-10-21,0.75
2010-10-22,1.08
2010-10-25,1.24
2010-10-26,1.23
2010-10-27,1.26
2010-10-28,1.21
2010-10-29,0.94
2010-11-01,0.86
2010-11-02,1.41
2010-11-03,1.2
2010-11-04,1.62
2010-11-05,1.32
2010-11-08,1.28
2010-11-09,0.78
2010-11-10,0.91
2010-11-11,0.38
2010-11-12,-0.59
2010-11-15,-0.75
2010-11-16,-1.46
2010-11-17,-1.02
2010-11-18,0.07
2010-11-19,0.11
2010-11-22,0.57
2010-11-23,-0.44
2010-11-24,0.83
2010-11-26,0.35
2010-11-29,0.24
2010-11-30,-0.45
2010-12-01,0.82
2010-12-02,1.3
2010-12-03,1.34
2010-12-06,1.19
2010-12-07,1.05
2010-12-08,1.15
2010-12-09,1.06
2010-12-10,1.35
2010-12-13,0.96
2010-12-14,0.9
2010-12-15,0.48
2010-12-16,0.86
2010-12-17,0.83
2010-12-20,0.78
2010-12-21,1.1
2010-12-22,0.99
2010-12-23,0.77
2010-12-27,0.75
2010-12-28,0.58
2010-12-29,0.69
2010-12-30,0.49
2010-12-31,0.2
2011-01-03,1.04
2011-01-04,0.88
2011-01-05,1.33
2011-01-06,1.39
2011-01-07,1.1
2011-01-10,1.18
2011-01-11,1.11
2011-01-12,1.42
2011-01-13,1.29
2011-01-14,1.63
2011-01-18,1.56
2011-01-19,0.62
2011-01-20,0.08
2011-01-21,-0.42
2011-01-24,0.51
2011-01-25,0.54
2011-01-26,0.8
2011-01-27,1.1
2011-01-28,-0.58
2011-01-31,-0.19
2011-02-01,0.98
2011-02-02,0.78
2011-02-03,0.82
2011-02-04,1.1
2011-02-07,1.3
2011-02-08,1.63
2011-02-09,1.3
2011-02-10,1.19
2011-02-11,1.54
2011-02-14,1.53
2011-02-15,1.3
2011-02-16,1.57
2011-02-17,1.42
2011-02-18,1.13
2011-02-22,-0.84
2011-02-23,-1.14
2011-02-24,-0.57
2011-02-25,0.4
2011-02-28,0.49
2011-03-01,-0.57
2011-03-02,-0.15
2011-03-03,1.11
2011-03-04,0.62
2011-03-07,-0.3
2011-03-08,0.0
2011-03-09,-0.41
2011-03-10,-1.23
2011-03-11,-0.62
2011-03-14,-0.73
2011-03-15,-1.39
2011-03-16,-1.89
2011-03-17,-0.93
2011-03-18,-0.84
2011-03-21,0.48
2011-03-22,0.32
2011-03-23,0.62
2011-03-24,1.58
2011-03-25,1.45
2011-03-28,0.96
2011-03-29,1.47
2011-03-30,1.62
2011-03-31,1.52
2011-04-01,1.31
2011-04-04,0.95
2011-04-05,0.66
2011-04-06,0.75
2011-04-07,0.6
2011-04-08,0.23
2011-04-11,-0.02
2011-04-12,-0.47
2011-04-13,0.14
2011-04-14,0.01
2011-04-15,-0.1
2011-04-18,-0.53
2011-04-19,-0.06
2011-04-20,1.35
2011-04-21,1.72
2011-04-25,1.79
2011-04-26,1.95
2011-04-27,2.12
2011-04-28,1.8
2011-04-29,1.56
2011-05-02,1.27
2011-05-03,0.85
2011-05-04,0.65
2011-05-05,0.2
2011-05-06,0.37
2011-05-09,0.59
2011-05-10,1.12
2011-05-11,0.49
2011-05-12,0.8
2011-05-13,-0.08
2011-05-16,-1.16
2011-05-17,-0.81
2011-05-18,-0.17
2011-05-19,0.05
2011-05-20,-0.47
2011-05-23,-1.42
2011-05-24,-1.71
2011-05-25,-1.27
2011-05-26,-0.73
2011-05-27,-0.33
2011-05-31,0.76
2011-06-01,-0.76
2011-06-02,-0.53
2011-06-03,-1.44
2011-06-06,-1.79
2011-06-07,-1.7
2011-06-08,-1.98
2011-06-09,-1.63
2011-06-10,-2.39
2011-06-13,-2.15
2011-06-14,-1.1
2011-06-15,-2.11
2011-06-16,-1.99
2011-06-17,-1.81
2011-06-20,-1.31
2011-06-21,0.15
2011-06-22,-0.32
2011-06-23,0.26
2011-06-24,-0.83
2011-06-27,0.25
2011-06-28,1.11
2011-06-29,1.17
2011-06-30,1.8
2011-07-01,2.43
2011-07-05,2.45
2011-07-06,2.34
2011-07-07,2.79
2011-07-08,2.18
2011-07-11,0.84
2011-07-12,0.27
2011-07-13,0.44
2011-07-14,-0.27
2011-07-15,0.53
2011-07-18,0.14
2011-07-19,1.38
2011-07-20,0.95
2011-07-21,1.17
2011-07-22,1.68
2011-07-25,1.37
2011-07-26,1.39
2011-07-27,-0.31
2011-07-28,-0.17
2011-07-29,-0.32
2011-08-01,-0.52
2011-08-02,-1.81
2011-08-03,-0.86
2011-08-04,-2.84
2011-08-05,-1.65
2011-08-08,-3.11
2011-08-09,0.05
2011-08-10,-1.36
2011-08-11,0.94
2011-08-12,1.15
2011-08-15,1.71
2011-08-16,0.9
2011-08-17,0.4
2011-08-18,-2.0
2011-08-19,-2.43
2011-08-22,-1.75
2011-08-23,0.73
2011-08-24,0.98
2011-08-25,-0.07
2011-08-26,1.19
2011-08-29,2.58
2011-08-30,2.52
2011-08-31,2.22
2011-09-01,1.41
2011-09-02,-0.09
2011-09-06,-0.07
2011-09-07,1.34
2011-09-08,0.89
2011-09-09,-0.48
2011-09-12,0.29
2011-09-13,0.97
2011-09-14,1.45
2011-09-15,1.88
2011-09-16,1.91
2011-09-19,1.59
2011-09-20,1.1
2011-09-21,-0.02
2011-09-22,-1.39
2011-09-23,-0.55
2011-09-26,0.16
2011-09-27,0.66
2011-09-28,-0.25
2011-09-29,-0.74
2011-09-30,-1.83
2011-10-03,-2.69
2011-10-04,-0.9
2011-10-05,0.53
2011-10-06,1.3
2011-10-07,0.73
2011-10-10,2.5
2011-10-11,2.43
2011-10-12,2.16
2011-10-13,2.29
2011-10-14,2.86
2011-10-17,1.61
2011-10-18,1.85
2011-10-19,0.55
2011-10-20,0.2
2011-10-21,0.84
2011-10-24,1.81
2011-10-25,0.5
2011-10-26,0.33
2011-10-27,1.54
2011-10-28,1.47
2011-10-31,0.36
2011-11-01,-1.01
2011-11-02,-0.4
2011-11-03,0.72
2011-11-04,0.34
2011-11-07,0.67
2011-11-08,1.19
2011-11-09,-0.9
2011-11-10,-0.8
2011-11-11,0.34
2011-11-14,-0.05
2011-11-15,0.58
2011-11-16,-0.41
2011-11-17,-1.5
2011-11-18,-1.72
2011-11-21,-2.61
2011-11-22,-2.1
2011-11-23,-3.14
2011-11-25,-3.38
2011-11-28,-1.09
2011-11-29,-1.3
2011-11-30,0.77
2011-12-01,1.06
2011-12-02,0.81
2011-12-05,1.33
2011-12-06,1.06
2011-12-07,0.95
2011-12-08,-0.06
2011-12-09,0.79
2011-12-12,0.09
2011-12-13,-0.49
2011-12-14,-1.25
2011-12-15,-1.22
2011-12-16,-0.77
2011-12-19,-1.23
2011-12-20,0.45
2011-12-21,-0.35
2011-12-22,0.15
2011-12-23,0.63
2011-12-27,0.81
2011-12-28,0.1
2011-12-29,0.51
2011-12-30,0.32
2012-01-03,1.33
2012-01-04,1.48
2012-01-05,1.79
2012-01-06,1.79
2012-01-09,1.46
2012-01-10,1.75
2012-01-11,1.72
2012-01-12,1.85
2012-01-13,1.51
2012-01-17,1.87
2012-01-18,2.37
2012-01-19,2.45
2012-01-20,2.16
2012-01-23,2.0
2012-01-24,1.75
2012-01-25,2.16
2012-01-26,1.81
2012-01-27,1.81
2012-01-30,1.7
2012-01-31,1.6
2012-02-01,1.88
2012-02-02,1.87
2012-02-03,2.46
2012-02-06,2.27
2012-02-07,2.22
2012-02-08,2.31
2012-02-09,2.47
2012-02-10,1.84
2012-02-13,2.19
2012-02-14,2.1
2012-02-15,1.35
2012-02-16,1.78
2012-02-17,1.37
2012-02-21,1.42
2012-02-22,1.06
2012-02-23,1.29
2012-02-24,1.37
2012-02-27,1.33
2012-02-28,1.74
2012-02-29,1.31
2012-03-01,1.53
2012-03-02,1.39
2012-03-05,0.73
2012-03-06,0.14
2012-03-07,0.54
2012-03-08,1.06
2012-03-09,1.19
2012-03-12,1.14
2012-03-13,1.92
2012-03-14,1.87
2012-03-15,1.77
2012-03-16,1.55
2012-03-19,1.72
2012-03-20,1.66
2012-03-21,1.54
2012-03-22,1.27
2012-03-23,1.13
2012-03-26,1.94
2012-03-27,1.88
2012-03-28,1.51
2012-03-29,1.16
2012-03-30,0.98
2012-04-02,1.45
2012-04-03,1.31
2012-04-04,0.47
2012-04-05,0.76
2012-04-09,0.3
2012-04-10,-0.56
2012-04-11,-0.25
2012-04-12,0.37
2012-04-13,-0.47
2012-04-16,-1.0
2012-04-17,0.16
2012-04-18,0.01
2012-04-19,-0.55
2012-04-20,-0.62
2012-04-23,-1.0
2012-04-24,-1.19
2012-04-25,0.31
2012-04-26,0.6
2012-04-27,0.85
2012-04-30,0.4
2012-05-01,0.46
2012-05-02,0.58
2012-05-03,-0.04
2012-05-04,-1.19
2012-05-07,-1.01
2012-05-08,-1.05
2012-05-09,-1.02
2012-05-10,-1.02
2012-05-11,-0.93
2012-05-14,-1.35
2012-05-15,-1.33
2012-05-16,-1.55
2012-05-17,-2.46
2012-05-18,-2.7
2012-05-21,-0.94
2012-05-22,-0.87
2012-05-23,-0.67
2012-05-24,-0.87
2012-05-25,-0.88
2012-05-29,-0.13
2012-05-30,-0.55
2012-05-31,-0.71
2012-06-01,-1.94
2012-06-04,-1.26
2012-06-05,-0.92
2012-06-06,0.33
2012-06-07,0.09
2012-06-08,0.58
2012-06-11,-0.34
2012-06-12,0.31
2012-06-13,-0.07
2012-06-14,0.12
2012-06-15,0.75
2012-06-18,1.19
2012-06-19,1.64
2012-06-20,1.51
2012-06-21,0.09
2012-06-22,0.64
2012-06-25,-0.44
2012-06-26,-0.07
2012-06-27,0.25
2012-06-28,-0.35
2012-06-29,1.29
2012-07-02,1.36
2012-07-03,1.77
2012-07-05,1.67
2012-07-06,0.89
2012-07-09,0.73
2012-07-10,0.16
2012-07-11,-0.15
2012-07-12,-0.61
2012-07-13,0.24
2012-07-16,0.07
2012-07-17,0.34
2012-07-18,1.01
2012-07-19,1.46
2012-07-20,0.66
2012-07-23,-0.04
2012-07-24,-0.44
2012-07-25,-0.75
2012-07-26,0.01
2012-07-27,1.23
2012-07-30,1.1
2012-07-31,1.01
2012-08-01,0.79
2012-08-02,0.54
2012-08-03,1.47
2012-08-06,1.81
2012-08-07,2.14
2012-08-08,2.03
2012-08-09,2.11
2012-08-10,2.05
2012-08-13,2.09
2012-08-14,2.02
2012-08-15,2.03
2012-08-16,2.48
2012-08-17,2.59
2012-08-20,2.52
2012-08-21,2.12
2012-08-22,2.14
2012-08-23,1.59
2012-08-24,1.79
2012-08-27,1.8
2012-08-28,1.7
2012-08-29,1.61
2012-08-30,1.0
2012-08-31,1.26
2012-09-04,1.13
2012-09-05,1.02
2012-09-06,2.03
2012-09-07,1.83
2012-09-10,1.07
2012-09-11,0.92
2012-09-12,1.0
2012-09-13,1.59
2012-09-14,1.91
2012-09-17,1.82
2012-09-18,1.77
2012-09-19,1.73
2012-09-20,1.54
2012-09-21,1.48
2012-09-24,1.09
2012-09-25,0.28
2012-09-26,-0.17
2012-09-27,0.57
2012-09-28,0.1
2012-10-01,0.01
2012-10-02,0.17
2012-10-03,0.48
2012-10-04,0.64
2012-10-05,0.33
2012-10-08,-0.18
2012-10-09,-0.95
2012-10-10,-1.12
2012-10-11,-1.22
2012-10-12,-1.18
2012-10-15,-0.73
2012-10-16,0.07
2012-10-17,0.03
2012-10-18,-0.55
2012-10-19,-1.64
2012-10-22,-1.23
2012-10-23,-1.58
2012-10-24,-1.63
2012-10-25,-1.45
2012-10-26,0.0
2012-10-31,-1.49
2012-11-01,-0.65
2012-11-02,-1.14
2012-11-05,-0.72
2012-11-06,-0.58
2012-11-07,-1.64
2012-11-08,-2.23
2012-11-09,-1.76
2012-11-12,-1.65
2012-11-13,-1.85
2012-11-14,-2.07
2012-11-15,-1.99
2012-11-16,-1.47
2012-11-19,-0.15
2012-11-20,-0.12
2012-11-21,-0.01
2012-11-23,0.78
2012-11-26,0.95
2012-11-27,0.73
2012-11-28,1.1
2012-11-29,1.29
2012-11-30,1.11
2012-12-03,0.95
2012-12-04,0.82
2012-12-05,0.19
2012-12-06,0.49
2012-12-07,0.15
2012-12-10,0.29
2012-12-11,0.91
2012-12-12,0.72
2012-12-13,0.26
2012-12-14,-0.24
2012-12-17,0.44
2012-12-18,1.12
2012-12-19,0.82
2012-12-20,0.75
2012-12-21,0.15
2012-12-24,0.04
2012-12-26,-0.43
2012-12-27,-0.46
2012-12-28,-0.93
2012-12-31,0.21
2013-01-02,1.63
2013-01-03,1.22
2013-01-04,0.97
2013-01-07,0.94
2013-01-08,0.78
2013-01-09,0.94
2013-01-10,1.16
2013-01-11,1.18
2013-01-14,0.87
2013-01-15,0.56
2013-01-16,0.73
2013-01-17,0.93
2013-01-18,0.75
2013-01-22,0.79
2013-01-23,1.05
2013-01-24,0.26
2013-01-25,0.5
2013-01-28,0.58
2013-01-29,0.55
2013-01-30,0.4
2013-01-31,0.26
2013-02-01,0.81
2013-02-04,-0.15
2013-02-05,0.61
2013-02-06,0.39
2013-02-07,0.4
2013-02-08,0.88
2013-02-11,0.87
2013-02-12,0.61
2013-02-13,0.76
2013-02-14,0.71
2013-02-15,0.52
2013-02-19,0.87
2013-02-20,0.0
2013-02-21,-0.55
2013-02-22,0.02
2013-02-25,-0.62
2013-02-26,-0.37
2013-02-27,0.19
2013-02-28,0.06
2013-03-01,0.28
2013-03-04,0.5
2013-03-05,1.22
2013-03-06,1.01
2013-03-07,1.1
2013-03-08,1.1
2013-03-11,1.2
2013-03-12,0.94
2013-03-13,0.8
2013-03-14,0.92
2013-03-15,0.72
2013-03-18,0.55
2013-03-19,0.41
2013-03-20,0.76
2013-03-21,0.11
2013-03-22,0.61
2013-03-25,0.39
2013-03-26,0.66
2013-03-27,0.7
2013-03-28,0.79
2013-04-01,0.38
2013-04-02,0.77
2013-04-03,0.24
2013-04-04,0.24
2013-04-05,-0.21
2013-04-08,0.09
2013-04-09,0.44
2013-04-10,1.34
2013-04-11,1.21
2013-04-12,1.09
2013-04-15,-0.04
2013-04-16,0.67
2013-04-17,-0.4
2013-04-18,-1.06
2013-04-19,-0.24
2013-04-22,0.32
2013-04-23,0.76
2013-04-24,0.66
2013-04-25,0.91
2013-04-26,0.69
2013-04-29,1.13
2013-04-30,1.43
2013-05-01,1.1
2013-05-02,1.68
2013-05-03,2.16
2013-05-06,2.27
2013-05-07,2.12
2013-05-08,2.26
2013-05-09,2.05
2013-05-10,2.27
2013-05-13,2.19
2013-05-14,2.28
2013-05-15,2.25
2013-05-16,2.06
2013-05-17,2.41
2013-05-20,2.2
2013-05-21,2.14
2013-05-22,1.45
2013-05-23,1.19
2013-05-24,1.09
2013-05-28,1.37
2013-05-29,1.03
2013-05-30,1.24
2013-05-31,0.67
2013-06-03,0.69
2013-06-04,0.37
2013-06-05,-0.33
2013-06-06,-0.05
2013-06-07,0.67
2013-06-10,0.65
2013-06-11,0.08
2013-06-12,-0.53
2013-06-13,0.17
2013-06-14,-0.19
2013-06-17,0.33
2013-06-18,0.75
2013-06-19,0.11
2013-06-20,-1.11
2013-06-21,-1.26
2013-06-24,-1.68
2013-06-25,-1.18
2013-06-26,-0.63
2013-06-27,-0.37
2013-06-28,-0.27
2013-07-01,0.07
2013-07-02,0.09
2013-07-03,0.31
2013-07-05,0.69
2013-07-08,0.71
2013-07-09,0.99
2013-07-10,1.24
2013-07-11,2.09
2013-07-12,2.18
2013-07-15,2.21
2013-07-16,1.99
2013-07-17,2.02
2013-07-18,1.75
2013-07-19,1.09
2013-07-22,1.2
2013-07-23,0.75
2013-07-24,0.88
2013-07-25,1.17
2013-07-26,1.41
2013-07-29,1.25
2013-07-30,1.47
2013-07-31,1.49
2013-08-01,1.97
2013-08-02,2.19
2013-08-05,2.15
2013-08-06,1.73
2013-08-07,1.57
2013-08-08,1.76
2013-08-09,1.48
2013-08-12,1.54
2013-08-13,1.75
2013-08-14,1.45
2013-08-15,0.47
2013-08-16,0.42
2013-08-19,0.3
2013-08-20,0.53
2013-08-21,0.31
2013-08-22,0.83
2013-08-23,1.15
2013-08-26,1.11
2013-08-27,-0.05
2013-08-28,0.16
2013-08-29,0.53
2013-08-30,0.15
2013-09-03,0.45
2013-09-04,0.98
2013-09-05,1.04
2013-09-06,1.04
2013-09-09,1.59
2013-09-10,1.75
2013-09-11,1.55
2013-09-12,1.45
2013-09-13,1.44
2013-09-16,1.22
2013-09-17,1.5
2013-09-18,2.01
2013-09-19,2.02
2013-09-20,1.73
2013-09-23,1.52
2013-09-24,1.45
2013-09-25,1.2
2013-09-26,1.56
2013-09-27,1.41
2013-09-30,1.2
2013-10-01,1.64
2013-10-02,1.53
2013-10-03,0.8
2013-10-04,1.22
2013-10-07,0.72
2013-10-08,-0.34
2013-10-09,-0.45
2013-10-10,0.66
2013-10-11,1.04
2013-10-14,1.34
2013-10-15,1.03
2013-10-16,1.5
2013-10-17,1.69
2013-10-18,2.36
2013-10-21,2.32
2013-10-22,2.19
2013-10-23,1.71
2013-10-24,1.86
2013-10-25,2.09
2013-10-28,1.98
2013-10-29,1.92
2013-10-30,1.74
2013-10-31,1.51
2013-11-01,1.43
2013-11-04,1.46
2013-11-05,1.43
2013-11-06,1.35
2013-11-07,0.26
2013-11-08,0.95
2013-11-11,0.82
2013-11-12,0.87
2013-11-13,1.44
2013-11-14,1.51
2013-11-15,1.54
2013-11-18,0.94
2013-11-19,0.74
2013-11-20,0.56
2013-11-21,1.06
2013-11-22,1.29
2013-11-25,1.36
2013-11-26,1.56
2013-11-27,1.86
2013-11-29,2.11
2013-12-02,1.84
2013-12-03,1.67
2013-12-04,1.59
2013-12-05,1.4
2013-12-06,1.67
2013-12-09,1.8
2013-12-10,1.67
2013-12-11,0.88
2013-12-12,0.69
2013-12-13,0.58
2013-12-16,0.84
2013-12-17,0.7
2013-12-18,1.16
2013-12-19,0.91
2013-12-20,1.36
2013-12-23,1.82
2013-12-24,1.8
2013-12-26,1.92
2013-12-27,1.73
2013-12-30,1.59
2013-12-31,1.85
2014-01-02,1.34
2014-01-03,0.87
2014-01-06,0.62
2014-01-07,1.08
2014-01-08,1.14
2014-01-09,0.91
2014-01-10,1.01
2014-01-13,0.15
2014-01-14,1.13
2014-01-15,1.46
2014-01-16,1.38
2014-01-17,0.98
2014-01-21,1.33
2014-01-22,1.39
2014-01-23,1.12
2014-01-24,0.0
2014-01-27,-0.49
2014-01-28,-0.48
2014-01-29,-0.98
2014-01-30,0.06
2014-01-31,-0.08
2014-02-03,-1.24
2014-02-04,-0.75
2014-02-05,-0.82
2014-02-06,-0.09
2014-02-07,0.84
2014-02-10,1.09
2014-02-11,1.58
2014-02-12,1.58
2014-02-13,1.82
2014-02-14,1.81
2014-02-18,1.95
2014-02-19,1.45
2014-02-20,1.57
2014-02-21,1.4
2014-02-24,1.6
2014-02-25,1.46
2014-02-26,1.29
2014-02-27,1.56
2014-02-28,1.36
2014-03-03,0.87
2014-03-04,1.48
2014-03-05,1.54
2014-03-06,1.42
2014-03-07,1.08
2014-03-10,1.09
2014-03-11,0.8
2014-03-12,0.96
2014-03-13,0.14
2014-03-14,-0.23
2014-03-17,0.25
2014-03-18,0.87
2014-03-19,0.52
2014-03-20,0.64
2014-03-21,-0.04
2014-03-24,-0.46
2014-03-25,-0.25
2014-03-26,-0.92
2014-03-27,-1.08
2014-03-28,-0.89
2014-03-31,-0.45
2014-04-01,0.5
2014-04-02,0.6
2014-04-03,0.14
2014-04-04,-1.03
2014-04-07,-1.31
2014-04-08,-0.69
2014-04-09,0.25
2014-04-10,-1.32
2014-04-11,-1.61
2014-04-14,-1.04
2014-04-15,-0.7
2014-04-16,0.05
2014-04-17,0.06
2014-04-21,0.45
2014-04-22,0.82
2014-04-23,0.3
2014-04-24,0.75
2014-04-25,-0.15
2014-04-28,0.03
2014-04-29,0.45
2014-04-30,0.55
2014-05-01,0.66
2014-05-02,0.51
2014-05-05,0.75
2014-05-06,0.01
2014-05-07,-0.13
2014-05-08,-0.16
2014-05-09,0.04
2014-05-12,0.89
2014-05-13,0.87
2014-05-14,0.54
2014-05-15,0.08
2014-05-16,0.38
2014-05-19,0.72
2014-05-20,0.48
2014-05-21,0.93
2014-05-22,1.1
2014-05-23,1.44
2014-05-27,1.99
2014-05-28,1.7
2014-05-29,1.91
2014-05-30,1.8
2014-06-02,1.63
2014-06-03,1.53
2014-06-04,1.66
2014-06-05,1.96
2014-06-06,2.17
2014-06-09,2.02
2014-06-10,2.02
2014-06-11,1.91
2014-06-12,1.3
2014-06-13,1.34
2014-06-16,1.31
2014-06-17,1.29
2014-06-18,1.48
2014-06-19,1.33
2014-06-20,1.32
2014-06-23,1.27
2014-06-24,1.13
2014-06-25,1.38
2014-06-26,1.34
2014-06-27,1.51
2014-06-30,1.54
2014-07-01,2.0
2014-07-02,2.0
2014-07-03,2.27
2014-07-07,2.0
2014-07-08,1.21
2014-07-09,1.52
2014-07-10,1.22
2014-07-11,1.52
2014-07-14,1.77
2014-07-15,1.45
2014-07-16,1.6
2014-07-17,0.77
2014-07-18,1.53
2014-07-21,1.37
2014-07-22,1.63
2014-07-23,1.86
2014-07-24,1.7
2014-07-25,1.39
2014-07-28,1.33
2014-07-29,1.16
2014-07-30,1.28
2014-07-31,0.11
2014-08-01,-0.09
2014-08-04,0.28
2014-08-05,-0.14
2014-08-06,-0.17
2014-08-07,-0.33
2014-08-08,0.08
2014-08-11,0.39
2014-08-12,0.34
2014-08-13,0.88
2014-08-14,1.11
2014-08-15,1.22
2014-08-18,1.51
2014-08-19,1.74
2014-08-20,1.65
2014-08-21,1.69
2014-08-22,1.68
2014-08-25,1.78
2014-08-26,1.76
2014-08-27,1.71
2014-08-28,1.56
2014-08-29,1.7
2014-09-02,1.79
2014-09-03,1.38
2014-09-04,1.26
2014-09-05,1.44
2014-09-08,1.47
2014-09-09,0.92
2014-09-10,1.29
2014-09-11,1.17
2014-09-12,0.83
2014-09-15,0.26
2014-09-16,0.69
2014-09-17,0.71
2014-09-18,1.06
2014-09-19,0.92
2014-09-22,0.35
2014-09-23,0.18
2014-09-24,0.73
2014-09-25,-0.42
2014-09-26,0.17
2014-09-29,0.08
2014-09-30,0.15
2014-10-01,-0.68
2014-10-02,-0.59
2014-10-03,-0.02
2014-10-06,-0.13
2014-10-07,-0.85
2014-10-08,0.22
2014-10-09,-0.61
2014-10-10,-1.69
2014-10-13,-2.09
2014-10-14,-1.7
2014-10-15,-1.49
2014-10-16,-1.42
2014-10-17,-0.53
2014-10-20,0.28
2014-10-21,1.5
2014-10-22,1.08
2014-10-23,1.68
2014-10-24,1.89
2014-10-27,1.78
2014-10-28,2.37
2014-10-29,1.95
2014-10-30,1.88
2014-10-31,2.28
2014-11-03,2.24
2014-11-04,1.94
2014-11-05,1.82
2014-11-06,1.88
2014-11-07,1.74
2014-11-10,1.84
2014-11-11,1.94
2014-11-12,1.93
2014-11-13,2.02
2014-11-14,2.09
2014-11-17,1.81
2014-11-18,2.08
2014-11-19,1.73
2014-11-20,1.87
2014-11-21,1.82
2014-11-24,2.15
2014-11-25,2.14
2014-11-26,2.38
2014-11-28,2.52
2014-12-01,1.74
2014-12-02,1.84
2014-12-03,1.79
2014-12-04,1.63
2014-12-05,1.54
2014-12-08,1.05
2014-12-09,1.09
2014-12-10,0.18
2014-12-11,0.39
2014-12-12,-0.2
2014-12-15,-0.69
2014-12-16,-1.35
2014-12-17,-0.25
2014-12-18,0.94
2014-12-19,1.03
2014-12-22,1.07
2014-12-23,0.8
2014-12-24,0.82
2014-12-26,1.17
2014-12-29,1.11
2014-12-30,0.7
2014-12-31,0.12
2015-01-02,-0.05
2015-01-05,-0.81
2015-01-06,-1.31
2015-01-07,-0.52
2015-01-08,0.5
2015-01-09,0.11
2015-01-12,-0.44
2015-01-13,-0.39
2015-01-14,-0.61
2015-01-15,-1.18
2015-01-16,-0.46
2015-01-20,-0.01
2015-01-21,0.25
2015-01-22,1.13
2015-01-23,1.14
2015-01-26,1.01
2015-01-27,-0.41
2015-01-28,-0.62
2015-01-29,-0.07
2015-01-30,-0.45
2015-02-02,0.04
2015-02-03,0.53
2015-02-04,0.44
2015-02-05,0.86
2015-02-06,0.47
2015-02-09,0.27
2015-02-10,1.07
2015-02-11,1.2
2015-02-12,1.73
2015-02-13,2.02
2015-02-17,1.97
2015-02-18,1.96
2015-02-19,2.11
2015-02-20,2.28
2015-02-23,2.23
2015-02-24,2.14
2015-02-25,1.9
2015-02-26,2.05
2015-02-27,1.67
2015-03-02,2.03
2015-03-03,1.67
2015-03-04,1.38
2015-03-05,1.42
2015-03-06,0.72
2015-03-09,0.82
2015-03-10,-0.22
2015-03-11,-0.51
2015-03-12,-0.13
2015-03-13,-0.34
2015-03-16,0.36
2015-03-17,0.43
2015-03-18,0.87
2015-03-19,0.88
2015-03-20,1.13
2015-03-23,0.98
2015-03-24,0.73
2015-03-25,-0.52
2015-03-26,-0.62
2015-03-27,-0.36
2015-03-30,0.27
2015-03-31,-0.31
2015-04-01,-0.56
2015-04-02,-0.49
2015-04-06,-0.02
2015-04-07,-0.11
2015-04-08,0.31
2015-04-09,0.62
2015-04-10,0.81
2015-04-13,0.64
2015-04-14,0.45
2015-04-15,0.75
2015-04-16,0.64
2015-04-17,-0.22
2015-04-20,0.58
2015-04-21,0.77
2015-04-22,1.01
2015-04-23,1.12
2015-04-24,1.71
2015-04-27,1.43
2015-04-28,1.19
2015-04-29,0.76
2015-04-30,-0.12
2015-05-01,0.57
2015-05-04,0.62
2015-05-05,-0.28
2015-05-06,-0.59
2015-05-07,-0.23
2015-05-08,0.43
2015-05-11,0.2
2015-05-12,-0.05
2015-05-13,0.06
2015-05-14,0.83
2015-05-15,0.77
2015-05-18,0.97
2015-05-19,0.87
2015-05-20,0.85
2015-05-21,1.09
2015-05-22,0.99
2015-05-26,0.31
2015-05-27,1.11
2015-05-28,0.94
2015-05-29,0.55
2015-06-01,0.69
2015-06-02,0.48
2015-06-03,0.61
2015-06-04,0.16
2015-06-05,0.02
2015-06-08,-0.53
2015-06-09,-0.58
2015-06-10,0.19
2015-06-11,0.26
2015-06-12,-0.2
2015-06-15,-0.44
2015-06-16,-0.12
2015-06-17,0.03
2015-06-18,0.76
2015-06-19,0.44
2015-06-22,0.81
2015-06-23,0.82
2015-06-24,0.5
2015-06-25,0.37
2015-06-26,-0.01
2015-06-29,-1.21
2015-06-30,-0.91
2015-07-01,-0.42
2015-07-02,-0.38
2015-07-06,-0.48
2015-07-07,-0.29
2015-07-08,-1.17
2015-07-09,-1.1
2015-07-10,-0.2
2015-07-13,0.74
2015-07-14,1.04
2015-07-15,1.01
2015-07-16,1.65
2015-07-17,2.22
2015-07-20,2.23
2015-07-21,1.99
2015-07-22,1.22
2015-07-23,0.94
2015-07-24,0.35
2015-07-27,-0.12
2015-07-28,0.34
2015-07-29,0.52
2015-07-30,0.73
2015-07-31,0.63
2015-08-03,0.42
2015-08-04,0.29
2015-08-05,0.67
2015-08-06,-0.23
2015-08-07,-0.28
2015-08-10,0.36
2015-08-11,-0.35
2015-08-12,-0.13
2015-08-13,-0.21
2015-08-14,-0.12
2015-08-17,0.34
2015-08-18,0.04
2015-08-19,-0.3
2015-08-20,-1.64
2015-08-21,-3.12
2015-08-24,-3.03
2015-08-25,-2.55
2015-08-26,0.22
2015-08-27,1.31
2015-08-28,1.12
2015-08-31,0.37
2015-09-01,-1.16
2015-09-02,0.38
2015-09-03,0.09
2015-09-04,-0.51
2015-09-08,0.96
2015-09-09,0.27
2015-09-10,0.77
2015-09-11,0.99
2015-09-14,0.78
2015-09-15,1.31
2015-09-16,1.49
2015-09-17,1.28
2015-09-18,0.41
2015-09-21,0.53
2015-09-22,-0.29
2015-09-23,-0.23
2015-09-24,-0.4
2015-09-25,-0.78
2015-09-28,-2.17
2015-09-29,-2.14
2015-09-30,-0.72
2015-10-01,-0.41
2015-10-02,0.49
2015-10-05,1.17
2015-10-06,0.82
2015-10-07,1.04
2015-10-08,1.09
2015-10-09,1.25
2015-10-12,1.33
2015-10-13,0.89
2015-10-14,0.74
2015-10-15,1.48
2015-10-16,1.58
2015-10-19,1.78
2015-10-20,1.4
2015-10-21,0.97
2015-10-22,1.85
2015-10-23,2.89
2015-10-26,2.71
2015-10-27,2.59
2015-10-28,2.69
2015-10-29,2.43
2015-10-30,2.02
2015-11-02,2.48
2015-11-03,2.52
2015-11-04,2.33
2015-11-05,2.04
2015-11-06,1.91
2015-11-09,1.21
2015-11-10,0.96
2015-11-11,0.84
2015-11-12,0.27
2015-11-13,-0.74
2015-11-16,0.07
2015-11-17,0.09
2015-11-18,1.06
2015-11-19,1.02
2015-11-20,1.31
2015-11-23,1.09
2015-11-24,0.97
2015-11-25,0.98
2015-11-27,1.03
2015-11-30,0.83
2015-12-01,1.28
2015-12-02,0.88
2015-12-03,-0.07
2015-12-04,1.1
2015-12-07,0.78
2015-12-08,0.73
2015-12-09,-0.12
2015-12-10,0.12
2015-12-11,-1.03
2015-12-14,-0.51
2015-12-15,-0.14
2015-12-16,0.61
2015-12-17,-0.2
2015-12-18,-1.13
2015-12-21,-0.46
2015-12-22,-0.08
2015-12-23,0.32
2015-12-24,0.3
2015-12-28,0.26
2015-12-29,1.05
2015-12-30,0.52
2015-12-31,-0.18
2016-01-04,-1.22
2016-01-05,-1.18
2016-01-06,-1.55
2016-01-07,-2.85
2016-01-08,-2.71
2016-01-11,-2.18
2016-01-12,-1.32
2016-01-13,-2.73
2016-01-14,-1.18
2016-01-15,-2.26
2016-01-19,-1.8
2016-01-20,-1.5
2016-01-21,-1.2
2016-01-22,0.36
2016-01-25,-0.43
2016-01-26,0.07
2016-01-27,-1.15
2016-01-28,-0.31
2016-01-29,0.71
2016-02-01,0.79
2016-02-02,-0.38
2016-02-03,-0.54
2016-02-04,-0.47
2016-02-05,-2.0
2016-02-08,-2.17
2016-02-09,-1.86
2016-02-10,-1.37
2016-02-11,-1.13
2016-02-12,-0.25
2016-02-16,0.87
2016-02-17,1.83
2016-02-18,1.08
2016-02-19,1.14
2016-02-22,1.87
2016-02-23,0.89
2016-02-24,1.24
2016-02-25,1.62
2016-02-26,1.42
2016-02-29,0.85
2016-03-01,2.28
2016-03-02,2.11
2016-03-03,1.86
2016-03-04,1.71
2016-03-07,1.28
2016-03-08,0.76
2016-03-09,1.01
2016-03-10,0.81
2016-03-11,1.59
2016-03-14,1.56
2016-03-15,1.43
2016-03-16,1.74
2016-03-17,1.57
2016-03-18,1.47
2016-03-21,1.6
2016-03-22,1.67
2016-03-23,1.15
2016-03-24,1.1
2016-03-28,0.99
2016-03-29,1.69
2016-03-30,1.82
2016-03-31,1.64
2016-04-01,2.04
2016-04-04,1.75
2016-04-05,1.16
2016-04-06,1.89
2016-04-07,1.02
2016-04-08,0.92
2016-04-11,0.66
2016-04-12,1.03
2016-04-13,1.59
2016-04-14,1.52
2016-04-15,1.3
2016-04-18,1.51
2016-04-19,1.03
2016-04-20,1.02
2016-04-21,0.97
2016-04-22,0.12
2016-04-25,0.11
2016-04-26,-0.15
2016-04-27,-0.55
2016-04-28,-1.12
2016-04-29,-1.13
2016-05-02,-0.56
2016-05-03,-0.95
2016-05-04,-1.21
2016-05-05,-1.14
2016-05-06,-0.76
2016-05-09,-0.57
2016-05-10,0.18
2016-05-11,-0.31
2016-05-12,-0.51
2016-05-13,-0.67
2016-05-16,0.02
2016-05-17,-0.62
2016-05-18,-0.38
2016-05-19,-0.62
2016-05-20,-0.01
2016-05-23,-0.07
2016-05-24,0.92
2016-05-25,1.16
2016-05-26,1.23
2016-05-27,1.43
2016-05-31,1.42
2016-06-01,1.34
2016-06-02,1.38
2016-06-03,1.06
2016-06-06,1.21
2016-06-07,1.03
2016-06-08,1.08
2016-06-09,0.94
2016-06-10,0.28
2016-06-13,-0.17
2016-06-14,-0.16
2016-06-15,-0.3
2016-06-16,-0.12
2016-06-17,-0.71
2016-06-20,-0.34
2016-06-21,-0.15
2016-06-22,-0.26
2016-06-23,0.49
2016-06-24,-1.48
2016-06-27,-2.25
2016-06-28,-0.92
2016-06-29,0.06
2016-06-30,0.61
2016-07-01,0.83
2016-07-05,0.46
2016-07-06,0.84
2016-07-07,0.94
2016-07-08,1.62
2016-07-11,1.8
2016-07-12,1.94
2016-07-13,1.69
2016-07-14,1.93
2016-07-15,1.74
2016-07-18,1.96
2016-07-19,1.66
2016-07-20,2.11
2016-07-21,1.87
2016-07-22,1.96
2016-07-25,1.89
2016-07-26,1.82
2016-07-27,2.01
2016-07-28,2.08
2016-07-29,2.05
2016-08-01,2.23
2016-08-02,1.71
2016-08-03,1.8
2016-08-04,1.88
2016-08-05,2.23
2016-08-08,2.09
2016-08-09,2.12
2016-08-10,1.9
2016-08-11,2.05
2016-08-12,1.97
2016-08-15,2.12
2016-08-16,1.75
2016-08-17,1.76
2016-08-18,1.72
2016-08-19,1.61
2016-08-22,1.58
2016-08-23,1.62
2016-08-24,1.21
2016-08-25,1.04
2016-08-26,1.04
2016-08-29,1.08
2016-08-30,0.85
2016-08-31,0.76
2016-09-01,0.85
2016-09-02,0.97
2016-09-06,1.23
2016-09-07,1.2
2016-09-08,0.83
2016-09-09,-0.49
2016-09-12,0.43
2016-09-13,-0.05
2016-09-14,0.19
2016-09-15,0.91
2016-09-16,0.82
2016-09-19,0.55
2016-09-20,0.62
2016-09-21,1.04
2016-09-22,1.37
2016-09-23,0.96
2016-09-26,0.48
2016-09-27,0.95
2016-09-28,1.0
2016-09-29,0.55
2016-09-30,0.89
2016-10-03,0.76
2016-10-04,0.63
2016-10-05,0.79
2016-10-06,0.74
2016-10-07,0.58
2016-10-10,0.87
2016-10-11,0.07
2016-10-12,0.02
2016-10-13,-0.16
2016-10-14,-0.09
2016-10-17,-0.23
2016-10-18,0.24
2016-10-19,0.23
2016-10-20,0.15
2016-10-21,0.34
2016-10-24,0.94
2016-10-25,0.72
2016-10-26,0.33
2016-10-27,0.07
2016-10-28,-0.25
2016-10-31,-0.29
2016-11-01,-0.67
2016-11-02,-1.03
2016-11-03,-1.42
2016-11-04,-1.49
2016-11-07,-0.16
2016-11-08,0.19
2016-11-09,0.35
2016-11-10,-0.43
2016-11-11,-0.36
2016-11-14,-0.83
2016-11-15,-0.05
2016-11-16,0.26
2016-11-17,0.62
2016-11-18,0.4
2016-11-21,0.91
2016-11-22,1.02
2016-11-23,0.74
2016-11-25,0.9
2016-11-28,0.75
2016-11-29,0.89
2016-11-30,0.19
2016-12-01,-0.69
2016-12-02,-0.52
2016-12-05,-0.08
2016-12-06,0.05
2016-12-07,0.68
2016-12-08,0.74
2016-12-09,1.09
2016-12-12,0.78
2016-12-13,1.23
2016-12-14,1.03
2016-12-15,1.04
2016-12-16,0.77
2016-12-19,0.94
2016-12-20,1.11
2016-12-21,1.05
2016-12-22,0.85
2016-12-23,0.87
2016-12-27,1.1
2016-12-28,0.63
2016-12-29,0.53
2016-12-30,-0.04
2017-01-03,0.43
2017-01-04,0.69
2017-01-05,0.94
2017-01-06,1.32
2017-01-09,1.42
2017-01-10,1.47
2017-01-11,1.52
2017-01-12,1.36
2017-01-13,1.47
2017-01-17,1.25
2017-01-18,1.32
2017-01-19,1.24
2017-01-20,1.27
2017-01-23,1.25
2017-01-24,1.53
2017-01-25,1.98
2017-01-26,1.94
2017-01-27,1.96
2017-01-30,1.42
2017-01-31,1.24
2017-02-01,1.51
2017-02-02,1.4
2017-02-03,1.48
2017-02-06,1.49
2017-02-07,1.6
2017-02-08,1.63
2017-02-09,1.74
2017-02-10,1.84
2017-02-13,2.02
2017-02-14,2.1
2017-02-15,2.28
2017-02-16,2.17
2017-02-17,2.29
2017-02-21,2.41
2017-02-22,2.35
2017-02-23,2.04
2017-02-24,2.02
2017-02-27,2.02
2017-02-28,1.76
2017-03-01,2.17
2017-03-02,1.8
2017-03-03,1.82
2017-03-06,1.64
2017-03-07,1.49
2017-03-08,1.51
2017-03-09,1.46
2017-03-10,1.58
2017-03-13,1.62
2017-03-14,1.43
2017-03-15,1.65
2017-03-16,1.53
2017-03-17,1.42
2017-03-20,1.42
2017-03-21,0.53
2017-03-22,0.83
2017-03-23,0.65
2017-03-24,0.71
2017-03-27,0.76
2017-03-28,1.02
2017-03-29,1.23
2017-03-30,1.26
2017-03-31,1.16
2017-04-03,1.05
2017-04-04,1.09
2017-04-05,0.79
2017-04-06,0.77
2017-04-07,0.71
2017-04-10,0.7
2017-04-11,0.42
2017-04-12,0.18
2017-04-13,-0.04
2017-04-17,0.41
2017-04-18,0.31
2017-04-19,0.38
2017-04-20,0.79
2017-04-21,0.73
2017-04-24,1.3
2017-04-25,1.6
2017-04-26,1.42
2017-04-27,1.67
2017-04-28,1.65
2017-05-01,1.99
2017-05-02,1.97
2017-05-03,1.68
2017-05-04,1.63
2017-05-05,1.73
2017-05-08,1.79
2017-05-09,1.82
2017-05-10,1.75
2017-05-11,1.58
2017-05-12,1.61
2017-05-15,1.68
2017-05-16,1.79
2017-05-17,0.31
2017-05-18,0.71
2017-05-19,0.84
2017-05-22,1.23
2017-05-23,1.22
2017-05-24,1.41
2017-05-25,1.75
2017-05-26,1.77
2017-05-30,1.72
2017-05-31,1.55
2017-06-01,1.66
2017-06-02,2.05
2017-06-05,1.95
2017-06-06,1.63
2017-06-07,1.75
2017-06-08,1.68
2017-06-09,0.2
2017-06-12,-0.07
2017-06-13,0.33
2017-06-14,0.07
2017-06-15,-0.15
2017-06-16,-0.35
2017-06-19,0.52
2017-06-20,0.07
2017-06-21,0.56
2017-06-22,0.51
2017-06-23,0.68
2017-06-26,0.38
2017-06-27,-0.53
2017-06-28,0.23
2017-06-29,-0.57
2017-06-30,-0.44
2017-07-03,-0.95
2017-07-05,-0.34
2017-07-06,-0.74
2017-07-07,-0.12
2017-07-10,0.23
2017-07-11,0.35
2017-07-12,0.91
2017-07-13,0.95
2017-07-14,1.26
2017-07-17,1.2
2017-07-18,1.46
2017-07-19,1.63
2017-07-20,1.54
2017-07-21,1.36
2017-07-24,1.49
2017-07-25,1.25
2017-07-26,1.35
2017-07-27,0.78
2017-07-28,0.65
2017-07-31,0.38
2017-08-01,0.48
2017-08-02,0.56
2017-08-03,0.31
2017-08-04,0.38
2017-08-07,0.7
2017-08-08,0.55
2017-08-09,0.43
2017-08-10,-0.66
2017-08-11,-0.2
2017-08-14,0.47
2017-08-15,0.48
2017-08-16,0.52
2017-08-17,-0.52
2017-08-18,-0.46
2017-08-21,-0.48
2017-08-22,0.34
2017-08-23,0.13
2017-08-24,-0.04
2017-08-25,-0.14
2017-08-28,0.03
2017-08-29,0.23
2017-08-30,0.81
2017-08-31,1.25
2017-09-01,1.1
2017-09-05,0.53
2017-09-06,0.64
2017-09-07,0.72
2017-09-08,0.22
2017-09-11,0.79
2017-09-12,0.85
2017-09-13,0.85
2017-09-14,0.47
2017-09-15,0.58
2017-09-18,0.47
2017-09-19,0.54
2017-09-20,0.33
2017-09-21,-0.02
2017-09-22,-0.07
2017-09-25,-0.57
2017-09-26,-0.39
2017-09-27,0.11
2017-09-28,0.08
2017-09-29,0.43
2017-10-02,0.45
2017-10-03,0.53
2017-10-04,0.54
2017-10-05,0.99
2017-10-06,1.0
2017-10-09,0.9
2017-10-10,0.89
2017-10-11,1.02
2017-10-12,0.88
2017-10-13,1.04
2017-10-16,1.16
2017-10-17,1.18
2017-10-18,1.06
2017-10-19,0.79
2017-10-20,0.86
2017-10-23,0.45
2017-10-24,0.52
2017-10-25,0.27
2017-10-26,0.08
2017-10-27,1.43
2017-10-30,1.42
2017-10-31,1.51
2017-11-01,1.38
2017-11-02,1.16
2017-11-03,1.58
2017-11-06,1.63
2017-11-07,1.57
2017-11-08,1.71
2017-11-09,1.27
2017-11-10,1.2
2017-11-13,1.22
2017-11-14,0.95
2017-11-15,0.64
2017-11-16,1.23
2017-11-17,0.94
2017-11-20,0.85
2017-11-21,1.38
2017-11-22,1.38
2017-11-24,1.55
2017-11-27,1.43
2017-11-28,1.47
2017-11-29,0.39
2017-11-30,0.74
2017-12-01,0.42
2017-12-04,-0.21
2017-12-05,-0.16
2017-12-06,0.09
2017-12-07,0.26
2017-12-08,0.48
2017-12-11,0.86
2017-12-12,0.74
2017-12-13,0.8
2017-12-14,0.71
2017-12-15,1.16
2017-12-18,1.51
2017-12-19,1.08
2017-12-20,0.91
2017-12-21,0.87
2017-12-22,0.75
2017-12-26,0.42
2017-12-27,0.4
2017-12-28,0.44
2017-12-29,0.08
2018-01-02,0.97
2018-01-03,1.39
2018-01-04,1.39
2018-01-05,1.81
2018-01-08,1.9
2018-01-09,1.77
2018-01-10,1.49
2018-01-11,1.77
2018-01-12,1.95
2018-01-16,1.59
2018-01-17,1.99
2018-01-18,1.86
2018-01-19,1.81
2018-01-22,2.23
2018-01-23,2.41
2018-01-24,1.76
2018-01-25,1.6
2018-01-26,2.24
2018-01-29,1.77
2018-01-30,1.16
2018-01-31,1.24
2018-02-01,0.68
2018-02-02,-0.39
2018-02-05,-2.0
2018-02-06,-0.32
2018-02-07,-0.82
2018-02-08,-2.49
2018-02-09,-1.01
2018-02-12,0.0
2018-02-13,0.27
2018-02-14,1.13
2018-02-15,1.85
2018-02-16,1.33
2018-02-20,1.29
2018-02-21,1.0
2018-02-22,0.9
2018-02-23,1.76
2018-02-26,2.23
2018-02-27,1.37
2018-02-28,0.89
2018-03-01,-0.03
2018-03-02,0.41
2018-03-05,0.93
2018-03-06,1.08
2018-03-07,1.1
2018-03-08,1.31
2018-03-09,2.14
2018-03-12,2.2
2018-03-13,1.23
2018-03-14,1.1
2018-03-15,0.97
2018-03-16,0.74
2018-03-19,-0.4
2018-03-20,-0.19
2018-03-21,-0.39
2018-03-22,-1.53
2018-03-23,-2.46
2018-03-26,-0.27
2018-03-27,-1.72
2018-03-28,-1.83
2018-03-29,-0.63
2018-04-02,-1.79
2018-04-03,-0.94
2018-04-04,-0.04
2018-04-05,0.25
2018-04-06,-1.0
2018-04-09,-0.53
2018-04-10,0.62
2018-04-11,0.26
2018-04-12,0.86
2018-04-13,0.5
2018-04-16,0.85
2018-04-17,1.84
2018-04-18,1.8
2018-04-19,1.18
2018-04-20,0.24
2018-04-23,0.09
2018-04-24,-0.92
2018-04-25,-0.73
2018-04-26,0.4
2018-04-27,0.38
2018-04-30,-0.02
2018-05-01,0.56
2018-05-02,0.2
2018-05-03,0.16
2018-05-04,1.09
2018-05-07,1.41
2018-05-08,1.26
2018-05-09,1.72
2018-05-10,2.13
2018-05-11,1.94
2018-05-14,1.92
2018-05-15,1.13
2018-05-16,1.41
2018-05-17,1.11
2018-05-18,0.76
2018-05-21,1.01
2018-05-22,0.89
2018-05-23,1.27
2018-05-24,1.16
2018-05-25,1.13
2018-05-29,0.79
2018-05-30,1.12
2018-05-31,0.98
2018-06-01,1.63
2018-06-04,2.02
2018-06-05,2.05
2018-06-06,2.21
2018-06-07,1.58
2018-06-08,1.45
2018-06-11,1.5
2018-06-12,1.69
2018-06-13,1.51
2018-06-14,1.87
2018-06-15,1.46
2018-06-18,1.31
2018-06-19,1.04
2018-06-20,1.32
2018-06-21,0.73
2018-06-22,0.56
2018-06-25,-0.59
2018-06-26,-0.32
2018-06-27,-0.96
2018-06-28,-0.41
2018-06-29,-0.23
2018-07-02,0.14
2018-07-03,-0.49
2018-07-05,0.2
2018-07-06,0.96
2018-07-09,1.36
2018-07-10,1.31
2018-07-11,0.95
2018-07-12,1.76
2018-07-13,1.68
2018-07-16,1.46
2018-07-17,1.65
2018-07-18,1.46
2018-07-19,1.08
2018-07-20,0.97
2018-07-23,1.08
2018-07-24,1.19
2018-07-25,1.78
2018-07-26,0.83
2018-07-27,0.05
2018-07-30,-0.65
2018-07-31,-0.18
2018-08-01,0.03
2018-08-02,0.7
2018-08-03,0.81
2018-08-06,1.07
2018-08-07,1.17
2018-08-08,1.17
2018-08-09,1.08
2018-08-10,0.59
2018-08-13,0.49
2018-08-14,0.8
2018-08-15,0.08
2018-08-16,0.25
2018-08-17,0.24
2018-08-20,0.18
2018-08-21,0.36
2018-08-22,0.55
2018-08-23,0.44
2018-08-24,0.91
2018-08-27,1.37
2018-08-28,1.38
2018-08-29,1.87
2018-08-30,1.64
2018-08-31,1.59
2018-09-04,1.25
2018-09-05,0.46
2018-09-06,-0.05
2018-09-07,-0.24
2018-09-10,-0.04
2018-09-11,0.37
2018-09-12,0.18
2018-09-13,0.72
2018-09-14,0.51
2018-09-17,-0.3
2018-09-18,0.16
2018-09-19,0.11
2018-09-20,0.67
2018-09-21,0.33
2018-09-24,0.44
2018-09-25,0.49
2018-09-26,0.48
2018-09-27,0.88
2018-09-28,0.81
2018-10-01,0.86
2018-10-02,0.68
2018-10-03,0.69
2018-10-04,-0.34
2018-10-05,-0.82
2018-10-08,-0.98
2018-10-09,-0.68
2018-10-10,-2.36
2018-10-11,-1.97
2018-10-12,-0.27
2018-10-15,-0.81
2018-10-16,0.68
2018-10-17,0.59
2018-10-18,-0.6
2018-10-19,-0.52
2018-10-22,-0.19
2018-10-23,-0.33
2018-10-24,-2.28
2018-10-25,-0.22
2018-10-26,-1.17
2018-10-29,-1.72
2018-10-30,-0.59
2018-10-31,0.6
2018-11-01,1.16
2018-11-02,0.22
2018-11-05,0.07
2018-11-06,0.45
2018-11-07,1.9
2018-11-08,1.39
2018-11-09,0.37
2018-11-12,-1.18
2018-11-13,-0.94
2018-11-14,-1.12
2018-11-15,-0.1
2018-11-16,-0.25
2018-11-19,-1.81
2018-11-20,-2.12
2018-11-21,-1.49
2018-11-23,-1.8
2018-11-26,-0.42
2018-11-27,-0.2
2018-11-28,1.3
2018-11-29,0.99
2018-11-30,1.26
2018-12-03,1.93
2018-12-04,0.0
2018-12-06,0.11
2018-12-07,-1.45
2018-12-10,-0.69
2018-12-11,-0.43
2018-12-12,0.07
2018-12-13,0.07
2018-12-14,-1.15
2018-12-17,-2.02
2018-12-18,-1.38
2018-12-19,-2.24
2018-12-20,-2.34
2018-12-21,-2.74
2018-12-24,-3.64
2018-12-26,-0.09
2018-12-27,0.1
2018-12-28,0.06
2018-12-31,0.45
2019-01-02,0.58
2019-01-03,-1.05
2019-01-04,1.05
2019-01-07,1.48
2019-01-08,1.72
2019-01-09,1.9
2019-01-10,1.85
2019-01-11,1.52
2019-01-14,0.95
2019-01-15,1.8
2019-01-16,1.64
2019-01-17,1.86
2019-01-18,2.05
2019-01-22,0.81
2019-01-23,0.79
2019-01-24,1.06
2019-01-25,1.55
2019-01-28,0.79
2019-01-29,0.24
2019-01-30,1.46
2019-01-31,2.05
2019-02-01,1.67
2019-02-04,2.18
2019-02-05,2.46
2019-02-06,2.13
2019-02-07,1.24
2019-02-08,1.25
2019-02-11,1.13
2019-02-12,1.78
2019-02-13,1.7
2019-02-14,1.62
2019-02-15,1.7
2019-02-19,1.71
2019-02-20,1.56
2019-02-21,1.27
2019-02-22,1.56
2019-02-25,1.61
2019-02-26,1.58
2019-02-27,1.44
2019-02-28,1.23
2019-03-01,1.48
2019-03-04,1.34
2019-03-05,1.31
2019-03-06,0.92
2019-03-07,0.21
2019-03-08,0.11
2019-03-11,1.16
2019-03-12,1.33
2019-03-13,1.55
2019-03-14,1.37
2019-03-15,1.7
2019-03-18,1.68
2019-03-19,1.69
2019-03-20,1.67
2019-03-21,2.25
2019-03-22,0.85
2019-03-25,0.66
2019-03-26,0.84
2019-03-27,0.43
2019-03-28,0.52
2019-03-29,0.85
2019-04-01,1.45
2019-04-02,1.56
2019-04-03,1.73
2019-04-04,1.58
2019-04-05,1.74
2019-04-08,1.78
2019-04-09,1.48
2019-04-10,1.66
2019-04-11,1.45
2019-04-12,1.58
2019-04-15,1.51
2019-04-16,1.58
2019-04-17,1.64
2019-04-18,1.59
2019-04-22,1.66
2019-04-23,2.15
2019-04-24,1.86
2019-04-25,1.93
2019-04-26,1.84
2019-04-29,1.84
2019-04-30,1.31
2019-05-01,1.03
2019-05-02,0.7
2019-05-03,1.46
2019-05-06,1.01
2019-05-07,-0.08
2019-05-08,-0.2
2019-05-09,-0.44
2019-05-10,-0.31
2019-05-13,-1.95
2019-05-14,-1.17
2019-05-15,-0.33
2019-05-16,0.21
2019-05-17,-0.33
2019-05-20,-1.17
2019-05-21,-0.53
2019-05-22,-0.74
2019-05-23,-1.43
2019-05-24,-1.36
2019-05-28,-1.48
2019-05-29,-1.75
2019-05-30,-1.38
2019-05-31,-2.04
2019-06-03,-2.68
2019-06-04,-0.94
2019-06-05,-0.48
2019-06-06,-0.03
2019-06-07,0.91
2019-06-10,1.38
2019-06-11,1.3
2019-06-12,0.91
2019-06-13,1.16
2019-06-14,0.87
2019-06-17,1.14
2019-06-18,1.69
2019-06-19,1.74
2019-06-20,2.01
2019-06-21,1.74
2019-06-24,1.65
2019-06-25,0.65
2019-06-26,0.85
2019-06-27,1.01
2019-06-28,1.02
2019-07-01,1.62
2019-07-02,1.75
2019-07-03,2.06
2019-07-05,1.85
2019-07-08,1.4
2019-07-09,1.59
2019-07-10,1.97
2019-07-11,1.82
2019-07-12,2.02
2019-07-15,2.1
2019-07-16,1.73
2019-07-17,1.4
2019-07-18,1.36
2019-07-19,0.88
2019-07-22,1.25
2019-07-23,1.51
2019-07-24,1.79
2019-07-25,1.2
2019-07-26,1.66
2019-07-29,1.4
2019-07-30,1.11
2019-07-31,0.3
2019-08-01,0.02
2019-08-02,-0.7
2019-08-05,-2.22
2019-08-06,-1.26
2019-08-07,-0.83
2019-08-08,0.34
2019-08-09,-0.17
2019-08-12,-0.77
2019-08-13,0.4
2019-08-14,-1.14
2019-08-15,-1.09
2019-08-16,-0.18
2019-08-19,0.66
2019-08-20,0.22
2019-08-21,0.67
2019-08-22,0.46
2019-08-23,-1.16
2019-08-26,-0.29
2019-08-27,-0.37
2019-08-28,-0.16
2019-08-29,0.64
2019-08-30,0.47
2019-09-03,-0.07
2019-09-04,0.69
2019-09-05,1.54
2019-09-06,1.41
2019-09-09,1.22
2019-09-10,0.99
2019-09-11,1.41
2019-09-12,1.52
2019-09-13,1.23
2019-09-16,0.93
2019-09-17,1.13
2019-09-18,1.03
2019-09-19,1.05
2019-09-20,0.42
2019-09-23,0.42
2019-09-24,-0.29
2019-09-25,0.3
2019-09-26,0.09
2019-09-27,-0.55
2019-09-30,-0.01
2019-10-01,-0.44
2019-10-02,-1.25
2019-10-03,-0.56
2019-10-04,0.24
2019-10-07,0.07
2019-10-08,-0.72
2019-10-09,-0.16
2019-10-10,0.25
2019-10-11,0.86
2019-10-14,0.82
2019-10-15,1.43
2019-10-16,1.23
2019-10-17,1.3
2019-10-18,0.72
2019-10-21,1.16
2019-10-22,0.68
2019-10-23,0.75
2019-10-24,1.22
2019-10-25,1.57
2019-10-28,2.0
2019-10-29,1.51
2019-10-30,1.67
2019-10-31,1.58
2019-11-01,1.96
2019-11-04,2.18
2019-11-05,2.13
2019-11-06,1.91
2019-11-07,2.0
2019-11-08,2.13
2019-11-11,2.0
2019-11-12,2.08
2019-11-13,2.01
2019-11-14,1.89
2019-11-15,2.18
2019-11-18,2.12
2019-11-19,2.11
2019-11-20,1.62
2019-11-21,1.43
2019-11-22,1.41
2019-11-25,1.95
2019-11-26,1.98
2019-11-27,2.25
2019-11-29,1.96
2019-12-02,1.3
2019-12-03,0.81
2019-12-04,1.04
2019-12-05,1.11
2019-12-06,1.62
2019-12-09,1.32
2019-12-10,1.21
2019-12-11,1.43
2019-12-12,1.69
2019-12-13,1.72
2019-12-16,2.14
2019-12-17,2.09
2019-12-18,2.05
2019-12-19,2.28
2019-12-20,2.33
2019-12-23,2.33
2019-12-24,2.31
2019-12-26,2.66
2019-12-27,2.5
2019-12-30,2.03
2019-12-31,2.04
2020-01-02,2.7
2020-01-03,2.06
2020-01-06,2.28
2020-01-07,2.15
2020-01-08,2.38
2020-01-09,2.67
2020-01-10,2.4
2020-01-13,2.84
2020-01-14,2.47
2020-01-15,2.34
2020-01-16,2.71
2020-01-17,2.79
2020-01-21,2.62
2020-01-22,2.62
2020-01-23,2.6
2020-01-24,1.96
2020-01-27,0.75
2020-01-28,1.47
2020-01-29,1.44
2020-01-30,1.48
2020-01-31,0.53
2020-02-03,1.26
2020-02-04,2.29
2020-02-05,2.23
2020-02-06,2.54
2020-02-07,2.16
2020-02-10,2.65
2020-02-11,2.46
2020-02-12,2.8
2020-02-13,2.58
2020-02-14,2.57
2020-02-18,2.44
2020-02-19,2.78
2020-02-20,2.06
2020-02-21,0.86
2020-02-24,-1.05
2020-02-25,-2.0
2020-02-26,-1.37
2020-02-27,-3.05
2020-02-28,-1.91
2020-03-02,0.63
2020-03-03,-0.8
2020-03-04,1.18
2020-03-05,-0.41
2020-03-06,-1.06
2020-03-09,-3.77
2020-03-10,-0.57
2020-03-11,-2.41
2020-03-12,-5.44
2020-03-13,-0.54
2020-03-16,-6.18
2020-03-17,-1.4
2020-03-18,-2.3
2020-03-19,-1.43
2020-03-20,-2.69
2020-03-23,-1.91
2020-03-24,1.62
2020-03-25,0.99
2020-03-26,2.95
2020-03-27,1.0
2020-03-30,2.52
2020-03-31,1.78
2020-04-01,-0.44
2020-04-02,0.54
2020-04-03,-0.19
2020-04-06,2.88
2020-04-07,2.41
2020-04-08,3.1
2020-04-09,2.68
2020-04-13,2.9
2020-04-14,4.25
2020-04-15,3.3
2020-04-16,3.57
2020-04-17,3.47
2020-04-20,2.64
2020-04-21,0.6
2020-04-22,1.92
2020-04-23,1.63
2020-04-24,2.24
2020-04-27,2.43
2020-04-28,1.31
2020-04-29,2.74
2020-04-30,2.46
2020-05-01,0.9
2020-05-04,1.39
2020-05-05,1.8
2020-05-06,1.94
2020-05-07,2.36
2020-05-08,2.83
2020-05-11,3.01
2020-05-12,1.78
2020-05-13,0.98
2020-05-14,1.38
2020-05-15,1.5
2020-05-18,2.21
2020-05-19,1.92
2020-05-20,2.68
2020-05-21,1.94
2020-05-22,1.98
2020-05-26,1.71
2020-05-27,1.75
2020-05-28,1.53
2020-05-29,2.03
2020-06-01,2.06
2020-06-02,2.22
2020-06-03,2.24
2020-06-04,1.73
2020-06-05,2.44
2020-06-08,2.62
2020-06-09,2.75
2020-06-10,2.93
2020-06-11,0.3
2020-06-12,0.6
2020-06-15,1.1
2020-06-16,1.76
2020-06-17,1.78
2020-06-18,1.79
2020-06-19,1.6
2020-06-22,2.08
2020-06-23,2.33
2020-06-24,1.16
2020-06-25,1.51
2020-06-26,0.25
2020-06-29,0.75
2020-06-30,1.59
2020-07-01,2.02
2020-07-02,2.19
2020-07-06,3.15
2020-07-07,2.59
2020-07-08,3.02
2020-07-09,3.14
2020-07-10,3.23
2020-07-13,1.9
2020-07-14,1.91
2020-07-15,1.77
2020-07-16,1.28
2020-07-17,1.24
2020-07-20,2.41
2020-07-21,1.72
2020-07-22,1.77
2020-07-23,0.38
2020-07-24,-0.1
2020-07-27,0.75
2020-07-28,0.08
2020-07-29,0.63
2020-07-30,0.82
2020-07-31,1.52
2020-08-03,2.04
2020-08-04,2.11
2020-08-05,2.13
2020-08-06,2.61
2020-08-07,1.84
2020-08-10,1.5
2020-08-11,0.48
2020-08-12,1.6
2020-08-13,1.6
2020-08-14,1.44
2020-08-17,1.92
2020-08-18,2.28
2020-08-19,1.81
2020-08-20,2.35
2020-08-21,2.49
2020-08-24,2.59
2020-08-25,2.75
2020-08-26,3.44
2020-08-27,2.94
2020-08-28,3.0
2020-08-31,3.12
2020-09-01,3.63
2020-09-02,3.64
2020-09-03,0.84
2020-09-04,0.11
2020-09-08,-1.96
2020-09-09,-0.38
2020-09-10,-1.22
2020-09-11,-1.34
2020-09-14,-0.4
2020-09-15,0.29
2020-09-16,-0.49
2020-09-17,-1.08
2020-09-18,-1.43
2020-09-21,-1.14
2020-09-22,-0.17
2020-09-23,-1.61
2020-09-24,-1.16
2020-09-25,0.03
2020-09-28,0.94
2020-09-29,0.68
2020-09-30,0.92
2020-10-01,1.53
2020-10-02,0.08
2020-10-05,1.08
2020-10-06,0.15
2020-10-07,0.96
2020-10-08,1.16
2020-10-09,1.8
2020-10-12,2.75
2020-10-13,2.39
2020-10-14,1.83
2020-10-15,1.37
2020-10-16,1.0
2020-10-19,0.16
2020-10-20,0.25
2020-10-21,0.2
2020-10-22,0.18
2020-10-23,0.27
2020-10-26,-0.47
2020-10-27,-0.06
2020-10-28,-1.91
2020-10-29,-0.91
2020-10-30,-1.95
2020-11-02,-1.67
2020-11-03,-0.7
2020-11-04,1.28
2020-11-05,2.27
2020-11-06,2.11
2020-11-09,0.89
2020-11-10,-0.02
2020-11-11,1.02
2020-11-12,0.72
2020-11-13,1.1
2020-11-16,1.4
2020-11-17,1.18
2020-11-18,0.76
2020-11-19,1.1
2020-11-20,0.71
2020-11-23,0.67
2020-11-24,1.3
2020-11-25,1.53
2020-11-27,1.91
2020-11-30,1.9
2020-12-01,2.38
2020-12-02,2.32
2020-12-03,2.28
2020-12-04,2.38
2020-12-07,2.54
2020-12-08,2.6
2020-12-09,1.32
2020-12-10,1.44
2020-12-11,1.25
2020-12-14,1.51
2020-12-15,1.93
2020-12-16,2.08
2020-12-17,2.28
2020-12-18,1.95
2020-12-21,1.72
2020-12-22,1.75
2020-12-23,1.44
2020-12-24,1.6
2020-12-28,1.99
2020-12-29,1.93
2020-12-30,1.86
2020-12-31,1.89
2021-01-04,1.07
2021-01-05,1.39
2021-01-06,0.62
2021-01-07,1.69
2021-01-08,2.16
2021-01-11,1.34
2021-01-12,1.18
2021-01-13,1.45
2021-01-14,1.12
2021-01-15,0.67
2021-01-19,1.32
2021-01-20,2.3
2021-01-21,2.54
2021-01-22,2.29
2021-01-25,2.47
2021-01-26,2.4
2021-01-27,0.89
2021-01-28,1.08
2021-01-29,0.01
2021-02-01,1.16
2021-02-02,1.82
2021-02-03,1.54
2021-02-04,2.02
2021-02-05,2.08
2021-02-08,2.3
2021-02-09,2.21
2021-02-10,1.97
2021-02-11,2.14
2021-02-12,2.31
2021-02-16,2.05
2021-02-17,1.7
2021-02-18,1.38
2021-02-19,1.07
2021-02-22,-0.23
2021-02-23,-0.31
2021-02-24,0.1
2021-02-25,-1.34
2021-02-26,-0.88
2021-03-01,0.57
2021-03-02,-0.22
2021-03-03,-1.43
2021-03-04,-1.62
2021-03-05,-0.62
2021-03-08,-1.72
2021-03-09,0.22
2021-03-10,0.07
2021-03-11,1.07
2021-03-12,0.57
2021-03-15,1.0
2021-03-16,1.13
2021-03-17,1.11
2021-03-18,-0.38
2021-03-19,-0.17
2021-03-22,0.69
2021-03-23,0.42
2021-03-24,-0.39
2021-03-25,-0.4
2021-03-26,0.31
2021-03-29,0.26
2021-03-30,0.0
2021-03-31,0.68
2021-04-01,1.35
2021-04-05,2.12
2021-04-06,1.95
2021-04-07,1.93
2021-04-08,2.28
2021-04-09,2.38
2021-04-12,2.2
2021-04-13,2.59
2021-04-14,1.83
2021-04-15,2.37
2021-04-16,2.23
2021-04-19,1.65
2021-04-20,1.19
2021-04-21,1.49
2021-04-22,0.8
2021-04-23,1.32
2021-04-26,1.53
2021-04-27,1.23
2021-04-28,0.99
2021-04-29,1.07
2021-04-30,0.69
2021-05-03,0.39
2021-05-04,-0.46
2021-05-05,-0.57
2021-05-06,-0.17
2021-05-07,0.21
2021-05-10,-0.96
2021-05-11,-0.88
2021-05-12,-1.82
2021-05-13,-1.21
2021-05-14,-0.08
2021-05-17,-0.36
2021-05-18,-0.65
2021-05-19,-0.51
2021-05-20,0.42
2021-05-21,0.12
2021-05-24,0.9
2021-05-25,0.9
2021-05-26,1.02
2021-05-27,0.78
2021-05-28,0.88
2021-06-01,0.67
2021-06-02,0.73
2021-06-03,0.19
2021-06-04,0.95
2021-06-07,1.02
2021-06-08,0.99
2021-06-09,0.96
2021-06-10,1.37
2021-06-11,1.43
2021-06-14,1.79
2021-06-15,1.36
2021-06-16,1.04
2021-06-17,1.47
2021-06-18,0.95
2021-06-21,1.18
2021-06-22,1.54
2021-06-23,1.48
2021-06-24,1.66
2021-06-25,1.51
2021-06-28,1.94
2021-06-29,1.99
2021-06-30,1.78
2021-07-01,1.7
2021-07-02,2.11
2021-07-06,2.14
2021-07-07,2.08
2021-07-08,1.6
2021-07-09,1.77
2021-07-12,1.86
2021-07-13,1.72
2021-07-14,1.68
2021-07-15,1.19
2021-07-16,0.71
2021-07-19,0.26
2021-07-20,0.77
2021-07-21,1.08
2021-07-22,1.32
2021-07-23,1.77
2021-07-26,1.71
2021-07-27,1.03
2021-07-28,1.11
2021-07-29,1.14
2021-07-30,0.82
2021-08-02,0.78
2021-08-03,1.0
2021-08-04,1.01
2021-08-05,1.27
2021-08-06,0.98
2021-08-09,1.02
2021-08-10,0.71
2021-08-11,0.58
2021-08-12,0.72
2021-08-13,0.86
2021-08-16,0.82
2021-08-17,0.34
2021-08-18,-0.14
2021-08-19,0.1
2021-08-20,0.57
2021-08-23,1.23
2021-08-24,1.32
2021-08-25,1.32
2021-08-26,0.94
2021-08-27,1.35
2021-08-30,1.8
2021-08-31,1.66
2021-09-01,1.65
2021-09-02,1.54
2021-09-03,1.61
2021-09-07,1.6
2021-09-08,1.34
2021-09-09,1.1
2021-09-10,0.66
2021-09-13,0.57
2021-09-14,0.39
2021-09-15,0.71
2021-09-16,0.7
2021-09-17,0.08
2021-09-20,-0.85
2021-09-21,-0.72
2021-09-22,-0.22
2021-09-23,0.23
2021-09-24,0.26
2021-09-27,-0.14
2021-09-28,-1.32
2021-09-29,-1.24
2021-09-30,-1.26
2021-10-01,-0.84
2021-10-04,-1.65
2021-10-05,-0.86
2021-10-06,-0.47
2021-10-07,-0.01
2021-10-08,-0.24
2021-10-11,-0.59
2021-10-12,-0.71
2021-10-13,-0.27
2021-10-14,0.6
2021-10-15,0.84
2021-10-18,1.25
2021-10-19,1.53
2021-10-20,1.38
2021-10-21,1.6
2021-10-22,1.1
2021-10-25,1.5
2021-10-26,1.51
2021-10-27,1.48
2021-10-28,1.88
2021-10-29,1.97
2021-11-01,2.01
2021-11-02,2.1
2021-11-03,2.45
2021-11-04,2.82
2021-11-05,2.63
2021-11-08,2.42
2021-11-09,1.88
2021-11-10,1.03
2021-11-11,1.1
2021-11-12,1.51
2021-11-15,1.4
2021-11-16,1.66
2021-11-17,1.59
2021-11-18,1.91
2021-11-19,2.0
2021-11-22,1.26
2021-11-23,0.89
2021-11-24,0.96
2021-11-26,-0.01
2021-11-29,0.96
2021-11-30,0.19
2021-12-01,-0.59
2021-12-02,-0.19
2021-12-03,-0.88
2021-12-06,-0.4
2021-12-07,0.98
2021-12-08,1.11
2021-12-09,0.34
2021-12-10,0.79
2021-12-13,0.05
2021-12-14,-0.41
2021-12-15,0.63
2021-12-16,-0.59
2021-12-17,-0.72
2021-12-20,-1.08
2021-12-21,0.05
2021-12-22,0.62
2021-12-23,0.94
2021-12-27,1.65
2021-12-28,1.33
2021-12-29,1.25
2021-12-30,1.05
2021-12-31,0.69
2022-01-03,1.08
2022-01-04,0.38
2022-01-05,-1.05
2022-01-06,-0.95
2022-01-07,-1.31
2022-01-10,-1.06
2022-01-11,-0.25
2022-01-12,-0.05
2022-01-13,-1.16
2022-01-14,-0.71
2022-01-18,-1.74
2022-01-19,-1.97
2022-01-20,-2.22
2022-01-21,-2.72
2022-01-24,-1.55
2022-01-25,-2.13
2022-01-26,-1.59
2022-01-27,-1.73
2022-01-28,-0.11
2022-01-31,1.2
2022-02-01,1.31
2022-02-02,1.46
2022-02-03,-0.51
2022-02-04,0.11
2022-02-07,-0.27
2022-02-08,0.26
2022-02-09,1.17
2022-02-10,0.02
2022-02-11,-1.32
2022-02-14,-1.06
2022-02-15,0.17
2022-02-16,0.14
2022-02-17,-1.24
2022-02-18,-1.56
2022-02-22,-1.75
2022-02-23,-2.6
2022-02-24,-0.67
2022-02-25,0.1
2022-02-28,0.21
2022-03-01,-0.5
2022-03-02,0.3
2022-03-03,-0.37
2022-03-04,-0.96
2022-03-07,-2.43
2022-03-08,-2.09
2022-03-09,-0.24
2022-03-10,-0.7
2022-03-11,-1.56
2022-03-14,-2.18
2022-03-15,-0.51
2022-03-16,1.05
2022-03-17,1.43
2022-03-18,2.02
2022-03-21,1.62
2022-03-22,2.26
2022-03-23,1.35
2022-03-24,2.18
2022-03-25,1.91
2022-03-28,2.36
2022-03-29,2.77
2022-03-30,1.96
2022-03-31,1.19
2022-04-01,0.99
2022-04-04,1.81
2022-04-05,0.63
2022-04-06,-0.39
2022-04-07,-0.24
2022-04-08,-0.84
2022-04-11,-1.82
2022-04-12,-1.76
2022-04-13,-0.65
2022-04-14,-1.58
2022-04-18,-1.37
2022-04-19,-0.22
2022-04-20,-0.85
2022-04-21,-1.65
2022-04-22,-2.57
2022-04-25,-1.54
2022-04-26,-2.85
2022-04-27,-2.31
2022-04-28,-0.43
2022-04-29,-2.32
2022-05-02,-1.15
2022-05-03,-0.94
2022-05-04,0.56
2022-05-05,-1.46
2022-05-06,-1.55
2022-05-09,-2.88
2022-05-10,-1.74
2022-05-11,-2.45
2022-05-12,-1.99
2022-05-13,-0.14
2022-05-16,-0.64
2022-05-17,0.55
2022-05-18,-1.68
2022-05-19,-1.67
2022-05-20,-1.52
2022-05-23,-0.61
2022-05-24,-1.46
2022-05-25,-0.67
2022-05-26,0.6
2022-05-27,1.87
2022-05-31,1.55
2022-06-01,1.05
2022-06-02,2.07
2022-06-03,0.72
2022-06-06,0.8
2022-06-07,1.12
2022-06-08,0.71
2022-06-09,-0.56
2022-06-10,-2.0
2022-06-13,-3.71
2022-06-14,-3.18
2022-06-15,-1.61
2022-06-16,-3.16
2022-06-17,-2.15
2022-06-21,-0.81
2022-06-22,-0.78
2022-06-23,-0.04
2022-06-24,1.4
2022-06-27,0.95
2022-06-28,-0.49
2022-06-29,-0.4
2022-06-30,-0.87
2022-07-01,-0.49
2022-07-05,0.3
2022-07-06,0.54
2022-07-07,1.39
2022-07-08,1.29
2022-07-11,0.23
2022-07-12,-0.22
2022-07-13,-0.28
2022-07-14,-0.09
2022-07-15,0.69
2022-07-18,0.25
2022-07-19,1.53
2022-07-20,1.99
2022-07-21,2.38
2022-07-22,1.4
2022-07-25,1.04
2022-07-26,0.08
2022-07-27,1.79
2022-07-28,2.02
2022-07-29,2.56
2022-08-01,2.32
2022-08-02,1.99
2022-08-03,2.91
2022-08-04,2.9
2022-08-05,2.27
2022-08-08,1.95
2022-08-09,1.32
2022-08-10,2.36
2022-08-11,1.92
2022-08-12,2.6
2022-08-15,2.76
2022-08-16,2.46
2022-08-17,1.76
2022-08-18,1.73
2022-08-19,0.72
2022-08-22,-0.52
2022-08-23,-0.52
2022-08-24,-0.35
2022-08-25,0.47
2022-08-26,-1.39
2022-08-29,-1.72
2022-08-30,-2.07
2022-08-31,-2.15
2022-09-01,-1.9
2022-09-02,-2.31
2022-09-06,-2.39
2022-09-07,-1.26
2022-09-08,-0.9
2022-09-09,0.13
2022-09-12,0.64
2022-09-13,-1.81
2022-09-14,-1.27
2022-09-15,-1.86
2022-09-16,-1.85
2022-09-19,-1.32
2022-09-20,-1.56
2022-09-21,-2.09
2022-09-22,-2.4
2022-09-23,-2.78
2022-09-26,-2.6
2022-09-27,-2.24
2022-09-28,-1.09
2022-09-29,-2.16
2022-09-30,-2.59
2022-10-03,-1.28
2022-10-04,0.19
2022-10-05,0.15
2022-10-06,-0.21
2022-10-07,-1.83
2022-10-10,-2.07
2022-10-11,-2.42
2022-10-12,-2.21
2022-10-13,-0.86
2022-10-14,-2.02
2022-10-17,-0.39
2022-10-18,-0.01
2022-10-19,-0.17
2022-10-20,-0.36
2022-10-21,0.63
2022-10-24,1.0
2022-10-25,1.73
2022-10-26,0.62
2022-10-27,-0.22
2022-10-28,1.06
2022-10-31,0.47
2022-11-01,-0.02
2022-11-02,-1.45
2022-11-03,-2.11
2022-11-04,-1.14
2022-11-07,-0.56
2022-11-08,-0.19
2022-11-09,-1.16
2022-11-10,1.79
2022-11-11,2.3
2022-11-14,1.72
2022-11-15,2.04
2022-11-16,1.29
2022-11-17,1.07
2022-11-18,0.97
2022-11-21,0.45
2022-11-22,1.04
2022-11-23,1.37
2022-11-25,1.04
2022-11-28,0.33
2022-11-29,-0.03
2022-11-30,1.76
2022-12-01,1.65
2022-12-02,1.32
2022-12-05,0.49
2022-12-06,-0.45
2022-12-07,-0.59
2022-12-08,-0.03
2022-12-09,-0.3
2022-12-12,0.27
2022-12-13,0.66
2022-12-14,0.27
2022-12-15,-1.21
2022-12-16,-1.47
2022-12-19,-1.99
2022-12-20,-1.83
2022-12-21,-1.04
2022-12-22,-2.0
2022-12-23,-1.75
2022-12-27,-2.28
2022-12-28,-2.68
2022-12-29,-1.37
2022-12-30,-1.31
2023-01-03,-1.51
2023-01-04,-1.16
2023-01-05,-1.77
2023-01-06,-0.41
2023-01-09,-0.1
2023-01-10,0.28
2023-01-11,0.98
2023-01-12,1.09
2023-01-13,1.29
2023-01-17,1.29
2023-01-18,0.62
2023-01-19,0.15
2023-01-20,1.24
2023-01-23,2.01
2023-01-24,1.75
2023-01-25,1.49
2023-01-26,2.13
2023-01-27,2.3
2023-01-30,1.25
2023-01-31,1.75
2023-02-01,2.36
2023-02-02,3.29
2023-02-03,2.14
2023-02-06,1.62
2023-02-07,2.22
2023-02-08,1.26
2023-02-09,0.77
2023-02-10,0.42
2023-02-13,1.07
2023-02-14,1.24
2023-02-15,1.46
2023-02-16,0.52
2023-02-17,0.17
2023-02-21,-0.88
2023-02-22,-0.76
2023-02-23,-0.3
2023-02-24,-0.95
2023-02-27,-0.56
2023-02-28,-0.56
2023-03-01,-0.84
2023-03-02,-0.41
2023-03-03,0.49
2023-03-06,0.48
2023-03-07,-0.08
2023-03-08,0.14
2023-03-09,-0.59
2023-03-10,-1.04
2023-03-13,-0.56
2023-03-14,0.44
2023-03-15,0.57
2023-03-16,1.44
2023-03-17,1.01
2023-03-20,1.05
2023-03-21,1.54
2023-03-22,0.79
2023-03-23,1.15
2023-03-24,1.18
2023-03-27,0.78
2023-03-28,0.49
2023-03-29,1.19
2023-03-30,1.44
2023-03-31,1.93
2023-04-03,1.66
2023-04-04,1.38
2023-04-05,0.82
2023-04-06,1.03
2023-04-10,0.92
2023-04-11,0.58
2023-04-12,0.15
2023-04-13,0.94
2023-04-14,0.76
2023-04-17,0.74
2023-04-18,0.68
2023-04-19,0.61
2023-04-20,0.22
2023-04-21,0.24
2023-04-24,0.13
2023-04-25,-0.69
2023-04-26,-0.36
2023-04-27,0.79
2023-04-28,0.98
2023-05-01,0.86
2023-05-02,0.4
2023-05-03,0.09
2023-05-04,-0.07
2023-05-05,0.82
2023-05-08,0.87
2023-05-09,0.54
2023-05-10,0.93
2023-05-11,0.99
2023-05-12,0.75
2023-05-15,0.94
2023-05-16,0.92
2023-05-17,1.34
2023-05-18,1.91
2023-05-19,1.6
2023-05-22,1.61
2023-05-23,0.94
2023-05-24,0.62
2023-05-25,1.51
2023-05-26,2.33
2023-05-30,2.19
2023-05-31,1.7
2023-06-01,2.01
2023-06-02,2.12
2023-06-05,1.96
2023-06-06,1.8
2023-06-07,0.89
2023-06-08,1.33
2023-06-09,1.36
2023-06-12,1.94
2023-06-13,2.05
2023-06-14,2.07
2023-06-15,2.26
2023-06-16,1.68
2023-06-20,1.47
2023-06-21,0.75
2023-06-22,1.18
2023-06-23,0.65
2023-06-26,0.02
2023-06-27,0.74
2023-06-28,0.76
2023-06-29,0.61
2023-06-30,1.17
2023-07-03,1.24
2023-07-05,1.16
2023-07-06,0.73
2023-07-07,0.53
2023-07-10,0.5
2023-07-11,0.68
2023-07-12,1.12
2023-07-13,1.72
2023-07-14,1.55
2023-07-17,1.82
2023-07-18,1.97
2023-07-19,1.77
2023-07-20,0.61
2023-07-21,0.42
2023-07-24,0.46
2023-07-25,0.72
2023-07-26,0.52
2023-07-27,0.36
2023-07-28,1.07
2023-07-31,1.01
2023-08-01,0.83
2023-08-02,-0.18
2023-08-03,-0.23
2023-08-04,-0.4
2023-08-07,0.0
2023-08-08,-0.38
2023-08-09,-0.82
2023-08-10,-0.64
2023-08-11,-0.86
2023-08-14,-0.3
2023-08-15,-0.74
2023-08-16,-1.13
2023-08-17,-1.47
2023-08-18,-1.36
2023-08-21,-0.54
2023-08-22,-0.56
2023-08-23,0.17
2023-08-24,-0.75
2023-08-25,-0.34
2023-08-28,0.02
2023-08-29,0.91
2023-08-30,1.08
2023-08-31,1.14
2023-09-01,1.01
2023-09-05,1.01
2023-09-06,0.55
2023-09-07,0.19
2023-09-08,0.24
2023-09-11,0.73
2023-09-12,0.19
2023-09-13,0.34
2023-09-14,0.66
2023-09-15,-0.13
2023-09-18,-0.08
2023-09-19,-0.17
2023-09-20,-0.79
2023-09-21,-1.47
2023-09-22,-1.33
2023-09-25,-1.02
2023-09-26,-1.58
2023-09-27,-1.32
2023-09-28,-0.82
2023-09-29,-0.7
2023-10-02,-0.27
2023-10-03,-0.99
2023-10-04,-0.31
2023-10-05,-0.42
2023-10-06,0.32
2023-10-09,0.51
2023-10-10,0.7
2023-10-11,0.96
2023-10-12,0.73
2023-10-13,0.12
2023-10-16,0.6
2023-10-17,0.41
2023-10-18,-0.2
2023-10-19,-0.56
2023-10-20,-1.11
2023-10-23,-0.86
2023-10-24,-0.37
2023-10-25,-1.36
2023-10-26,-1.97
2023-10-27,-1.54
2023-10-30,-0.9
2023-10-31,-0.61
2023-11-01,0.18
2023-11-02,0.91
2023-11-03,1.31
2023-11-06,1.39
2023-11-07,1.65
2023-11-08,1.57
2023-11-09,1.1
2023-11-10,1.89
2023-11-13,1.62
2023-11-14,2.27
2023-11-15,2.08
2023-11-16,1.95
2023-11-17,1.8
2023-11-20,2.16
2023-11-21,1.75
2023-11-22,1.79
2023-11-24,1.68
2023-11-27,1.54
2023-11-28,1.55
2023-11-29,1.41
2023-11-30,1.17
2023-12-01,1.21
2023-12-04,0.71
2023-12-05,0.76
2023-12-06,0.46
2023-12-07,1.0
2023-12-08,1.1
2023-12-11,1.38
2023-12-12,1.62
2023-12-13,1.97
2023-12-14,1.74
2023-12-15,1.74
2023-12-18,1.85
2023-12-19,1.95
2023-12-20,1.15
2023-12-21,1.54
2023-12-22,1.51
2023-12-26,1.71
2023-12-27,1.7
2023-12-28,1.6
2023-12-29,1.29
2024-01-02,0.46
2024-01-03,-0.04
2024-01-04,-0.26
2024-01-05,-0.19
2024-01-08,0.71
2024-01-09,0.74
2024-01-10,0.99
2024-01-11,0.98
2024-01-12,0.94
2024-01-16,0.86
2024-01-17,0.54
2024-01-18,1.07
2024-01-19,1.72
2024-01-22,1.64
2024-01-23,1.72
2024-01-24,1.81
2024-01-25,1.73
2024-01-26,1.36
2024-01-29,1.7
2024-01-30,1.31
2024-01-31,0.35
2024-02-01,0.81
2024-02-02,1.42
2024-02-05,1.26
2024-02-06,1.1
2024-02-07,1.46
2024-02-08,1.47
2024-02-09,1.79
2024-02-12,1.52
2024-02-13,0.71
2024-02-14,1.11
2024-02-15,1.17
2024-02-16,0.68
2024-02-20,0.29
2024-02-21,0.09
2024-02-22,1.3
2024-02-23,1.08
2024-02-26,1.0
2024-02-27,1.04
2024-02-28,0.75
2024-02-29,1.06
2024-03-01,1.61
2024-03-04,1.36
2024-03-05,0.47
2024-03-06,0.7
2024-03-07,1.29
2024-03-08,0.54
2024-03-11,0.34
2024-03-12,0.9
2024-03-13,0.51
2024-03-14,0.36
2024-03-15,-0.18
2024-03-18,0.25
2024-03-19,0.34
2024-03-20,0.82
2024-03-21,0.97
2024-03-22,0.97
2024-03-25,0.76
2024-03-26,0.58
2024-03-27,0.68
2024-03-28,0.56
2024-04-01,0.61
2024-04-02,0.19
2024-04-03,0.28
2024-04-04,-0.41
2024-04-05,0.13
2024-04-08,0.14
2024-04-09,0.29
2024-04-10,-0.11
2024-04-11,0.59
2024-04-12,-0.15
2024-04-15,-0.84
2024-04-16,-0.77
2024-04-17,-1.23
2024-04-18,-1.39
2024-04-19,-2.1
2024-04-22,-1.48
2024-04-23,-0.71
2024-04-24,-0.5
2024-04-25,-0.66
2024-04-26,0.06
2024-04-29,0.24
2024-04-30,-0.61
2024-05-01,-0.88
2024-05-02,-0.25
2024-05-03,0.63
2024-05-06,1.07
2024-05-07,1.02
2024-05-08,0.95
2024-05-09,1.01
2024-05-10,1.07
2024-05-13,1.13
2024-05-14,1.34
2024-05-15,1.9
2024-05-16,1.71
2024-05-17,1.58
2024-05-20,1.82
2024-05-21,1.83
2024-05-22,1.75
2024-05-23,1.43
2024-05-24,1.77
2024-05-28,1.86
2024-05-29,1.46
2024-05-30,0.91
2024-05-31,0.75
2024-06-03,0.94
2024-06-04,1.03
2024-06-05,1.83
2024-06-06,1.74
2024-06-07,1.63
2024-06-10,1.75
2024-06-11,1.98
2024-06-12,2.42
2024-06-13,2.55
2024-06-14,2.67
2024-06-17,3.0
2024-06-18,2.8937558446768668
2024-06-20,2.4057903940139806
2024-06-21,2.139940586617142
2024-06-24,1.5131515136406057
2024-06-25,1.9271411381854502
2024-06-26,1.9449621597558093
2024-06-27,1.9689154794441226
2024-06-28,1.6326027458381729
2024-07-01,1.8189998523985955
2024-07-02,2.1869770135656275
2024-07-03,2.4805301498742196
2024-07-05,2.8005863168166485
2024-07-08,2.798612542943819
2024-07-09,2.7142975255765167
2024-07-10,3.0228324314419988
2024-07-11,1.8710006859634452
2024-07-12,2.0032015728526473
2024-07-15,2.0148343299164844
2024-07-16,1.9451373746286416
2024-07-17,0.5311999767935719
2024-07-18,0.28565351438270536
2024-07-19,-0.12255000199154399
2024-07-22,0.5303631611768318
2024-07-23,0.3523229862289381
2024-07-24,-1.2477991581420103
2024-07-25,-1.6114617102961353
2024-07-26,-1.044349669996473
2024-07-29,-0.9039233542821573
2024-07-30,-1.4629737541748644
2024-07-31,-0.06698226399019966
2024-08-01,-1.1165040096249703
2024-08-02,-2.0296449113059265
2024-08-05,-3.0185936620275364
2024-08-06,-2.279344944638221
2024-08-07,-2.5576411591764203
2024-08-08,-1.0086667161873493
2024-08-09,-0.7185295296483966
2024-08-12,-0.5882166391197804
2024-08-13,0.5181217621934601
2024-08-14,0.5024194805309152
2024-08-15,1.534901603205753
2024-08-16,1.4909770451230797
2024-08-19,1.994381097530968
2024-08-20,1.8085876395267584
2024-08-21,1.931154131467609
2024-08-22,1.1358031153569657
2024-08-23,1.5276421592058531
2024-08-26,1.0364299904870233
2024-08-27,1.1191295027940926
2024-08-28,0.5604885519015659
2024-08-29,0.45922940064826023
2024-08-30,0.9475555207381278
2024-09-03,-0.4475216174275253
2024-09-04,-0.5393493692064826
2024-09-05,-0.46696182235537054
2024-09-06,-1.6142610863400346
2024-09-09,-0.9464352587781045
2024-09-10,-0.48530825840544667
2024-09-11,0.46585596376487465
2024-09-12,0.8534792554105927
2024-09-13,1.0063952040277713
2024-09-16,0.7738464112469979
2024-09-17,0.7581991379058451
2024-09-18,0.5217107247554397
2024-09-19,1.5137827505098667
2024-09-20,1.3455542464294548
2024-09-23,1.4056533181350623
2024-09-24,1.5534880813946967
2024-09-25,1.5253096053709876
2024-09-26,1.7636207788697502
2024-09-27,1.4553455883728383
2024-09-30,1.4983096584518059
2024-10-01,0.7991492356828432
2024-10-02,0.8297975120805476
2024-10-03,0.7619006263042067
2024-10-04,1.2348095770950356
2024-10-07,0.7120934843160351
2024-10-08,1.3230549338015025
2024-10-09,1.6073627672580835
2024-10-10,1.4892534671575874
2024-10-11,1.5061516093585265
2024-10-14,1.8005948013647586
2024-10-15,1.1239813030527865
2024-10-16,1.086816356789372
2024-10-17,1.068317641757285
2024-10-18,1.3087650351329987
2024-10-21,1.3258905762385007
2024-10-22,1.3149758933813556
2024-10-23,0.5689285267594172
2024-10-24,0.9058808539462196
2024-10-25,1.1079089038949235
2024-10-28,1.07758700637168
2024-10-29,1.442495545408522
2024-10-30,1.0436345149130692
2024-10-31,-0.13068234407699164
2024-11-01,0.2016594789058692
2024-11-04,0.06313610641147939
2024-11-05,0.6254186560288524
2024-11-06,1.7146421537340153
2024-11-07,2.2812909027989843
2024-11-08,2.2448399502368566
2024-11-11,2.1307697434534645
2024-11-12,1.9638891150737927
2024-11-13,1.830747224301928
2024-11-14,1.4472325157664019
2024-11-15,0.3135081839152598
2024-11-18,0.6059908876080485
2024-11-19,0.8843663405418081
2024-11-20,0.816919659620879
2024-11-21,0.9264077863861306
2024-11-22,0.9610378287004536
2024-11-25,0.9899458092936873
2024-11-26,1.1813443111890145
2024-11-27,0.7866371034544736
2024-11-29,1.1578867470638519
2024-12-02,1.582478209692236
2024-12-03,1.6689131731030373
2024-12-04,2.125768133936841
2024-12-05,1.9426232441560436
2024-12-06,2.2495870086296685
2024-12-09,1.8370549220358416
2024-12-10,1.617335581358328
2024-12-11,2.286578355534113
2024-12-12,1.9205064981429627
2024-12-13,2.1540610527790625
2024-12-16,2.6417571245463956
2024-12-17,2.3328837685772834
2024-12-18,0.6140426514581901
2024-12-19,0.3773463664424032
2024-12-20,0.7023048035639954
2024-12-23,1.0907466515735247
2024-12-24,1.6519813940411754
2024-12-26,1.5708925791403994
2024-12-27,0.9103006706655709
2024-12-30,0.27687088910342
2024-12-31,-0.11539592221986858
2025-01-02,-0.19520283815638936
2025-01-03,0.5341260408555604
2025-01-06,0.997498739620499
2025-01-07,0.1567663074097469
2025-01-08,0.15675180565586458
2025-01-10,-0.5471276003426923
2025-01-13,-0.6644637015492932
2025-01-14,-0.6707029757913403
2025-01-15,0.3733313715377355
2025-01-16,0.04406096320284352
2025-01-17,0.7510796893077639
2025-01-21,0.9809186922867152
2025-01-22,1.4753051616895025
2025-01-23,1.5132887155447186
2025-01-24,1.2163996592659347
2025-01-27,-0.1351216615310778
2025-01-28,0.5192396776133594
2025-01-29,0.41407937723868227
2025-01-30,0.5841711360501516
2025-01-31,0.4848152731067602
2025-02-03,0.10411090222745592
2025-02-04,0.6425887705144083
2025-02-05,0.8223392609790318
2025-02-06,1.0286253464967008
2025-02-07,0.422798750328047
2025-02-10,0.9454242679375454
2025-02-11,0.8102922677044281
2025-02-12,0.8040032526979669
2025-02-13,1.3901451642450289
2025-02-14,1.5351718393299199
2025-02-18,1.5847201327612304
2025-02-19,1.547906291296413
2025-02-20,1.2983575334289554
2025-02-21,0.3083707901957423
2025-02-24,-0.23226472141152146
2025-02-25,-0.7693581437930528
2025-02-26,-0.6192862732375305
2025-02-27,-1.8118210589304722
2025-02-28,-0.9753391458093568
2025-03-03,-1.8991215043010758
2025-03-04,-1.8256308788403086
2025-03-05,-1.1117783350888744
2025-03-06,-2.2388711907599346
2025-03-07,-1.7168476142311322
2025-03-10,-3.221967588367217
2025-03-11,-2.9801112405571506
2025-03-12,-2.242641595517337
2025-03-13,-2.8956406373758785
2025-03-14,-1.6105035786915634
2025-03-17,-1.2146860401849624
2025-03-18,-1.912191660345192
2025-03-19,-1.1926827618871776
2025-03-20,-1.2748115386393641
2025-03-21,-1.0430514654442435
2025-03-24,-0.024979248655726934
2025-03-25,0.2280781393087541
2025-03-26,-0.6005862398807363
2025-03-27,-0.8231723860593855
2025-03-28,-1.94300638844956
2025-03-31,-1.7817744900983996
2025-04-01,-1.3058026096268731
2025-04-02,-0.8843957237099564
2025-04-03,-3.148780666989013
2025-04-04,-5.208648885244959
2025-04-07,-3.7649530410621748
2025-04-08,-3.9172026467886387
2025-04-09,1.0968056645686413
2025-04-10,-0.7379796338732136
2025-04-11,0.0946564507434299
2025-04-14,0.37449359279257055
2025-04-15,0.40163829083098135
2025-04-16,-0.9313881259897363
2025-04-17,-0.8729695499565155
2025-04-21,-1.9120496254433654
2025-04-22,-0.6365857504731972
2025-04-23,0.3572812485177014
2025-04-24,1.4820372126820511
2025-04-25,1.847494365334612
2025-04-28,1.7359901482210311
2025-04-29,1.9250595111630344
2025-04-30,1.7775207735091838
2025-05-01,2.1809446419346394
2025-05-02,2.638269818534337
2025-05-05,2.2725547425478725
2025-05-06,1.7676628671817767
2025-05-07,1.8212565911641379
2025-05-08,2.1250121478325807
2025-05-09,2.0035714110151135
2025-05-12,3.4425970255438054
2025-05-13,3.7252280776690925
2025-05-14,3.674597632756748
2025-05-15,3.4229970199823683
2025-05-16,3.3282033603574406
2025-05-19,3.0852616902200727
2025-05-20,2.7456948822607665
2025-05-21,1.9052418616607076
2025-05-22,1.813168708828049
2025-05-23,1.2766053776579094
2025-05-27,2.1200948968205395
2025-05-28,1.792187523172877
2025-05-29,1.702090882421909
2025-05-30,1.4615781952170526
2025-06-02,1.6796227761391203
2025-06-03,1.879186800678411
2025-06-04,1.8704077855091001
2025-06-05,1.3948686172659326
2025-06-06,1.699702158775362
2025-06-09,1.6709168037982196
2025-06-10,1.8327148551888521
2025-06-11,1.5442107161756258
2025-06-12,1.5586512409800142
2025-06-13,0.9146417178583031
2025-06-16,1.4349213269535523
2025-06-17,0.9362043691764622
2025-06-18,0.8645694928486134
2025-06-20,0.6162330968298654
2025-06-23,0.9868414068088311
2025-06-24,1.5359016484869419
2025-06-25,1.532560599794134
2025-06-26,1.8061841547106687
2025-06-27,1.778316378050822
2025-06-30,1.9119029817380895
2025-07-01,1.4076054278552501
2025-07-02,1.6136980528910951
2025-07-03,1.9544035205012598
2025-07-07,1.5103485739957907
2025-07-08,1.4481510184539534
2025-07-09,1.638401617660054
2025-07-10,1.4899070142757855
2025-07-11,1.3040529824227634
2025-07-14,1.3788928155803053
2025-07-15,1.3227965466702256
2025-07-16,1.2554411749957166
2025-07-17,1.5075994306495906
2025-07-18,1.3488704736499464
2025-07-21,1.4769798670334258
2025-07-22,1.1640339906226138
2025-07-23,1.2779805178194623
2025-07-24,1.2806174351351414
2025-07-25,1.3197469591540978
2025-07-28,1.3849413169645766
2025-07-29,1.223171699055122
2025-07-30,1.1953782999907157
2025-07-31,0.8632816096459813
2025-08-01,-0.027922232211921142
2025-08-04,0.7349604469720201
2025-08-05,0.3969355168650697
2025-08-06,0.8934481759596434
2025-08-07,0.9701999028619605
2025-08-08,1.303914689652865
2025-08-11,1.1123036001135067
2025-08-12,1.5523316685556303
2025-08-13,1.4735524875631691
2025-08-14,1.3379895107457132
2025-08-15,1.055668985300612
2025-08-18,0.9901222927846066
2025-08-19,0.34796569851640946
2025-08-20,0.06936953008685419
2025-08-21,0.0
2025-08-22,0.5155114997185083
2025-08-25,0.3651657970526235
2025-08-26,0.5163589225294564
